{
    "metrics": {
        "http_reqs": {
            "count": 12630,
            "rate": 315.0292995955827
        },
        "http_req_duration": {
            "p(90)": 4.927,
            "p(95)": 7.023849999999996,
            "avg": 18.947111243072033,
            "min": 0.105,
            "med": 1.78,
            "max": 1067.899
        },
        "http_req_connecting": {
            "med": 0,
            "max": 0.969,
            "p(90)": 0,
            "p(95)": 0,
            "avg": 0.0017680918448139357,
            "min": 0
        },
        "iterations": {
            "count": 12630,
            "rate": 315.0292995955827
        },
        "http_req_duration{expected_response:true}": {
            "avg": 18.947111243072033,
            "min": 0.105,
            "med": 1.78,
            "max": 1067.899,
            "p(90)": 4.927,
            "p(95)": 7.023849999999996
        },
        "http_req_receiving": {
            "p(95)": 0.093,
            "avg": 0.039701029295327886,
            "min": 0.004,
            "med": 0.026,
            "max": 2.594,
            "p(90)": 0.06
        },
        "iteration_duration": {
            "p(90)": 105.6824917,
            "p(95)": 108.11416265,
            "avg": 119.60076654916809,
            "min": 100.154709,
            "med": 102.536771,
            "max": 1170.531166
        },
        "http_req_failed": {
            "passes": 0,
            "fails": 12630,
            "value": 0
        },
        "http_req_blocked": {
            "avg": 0.010170071258907513,
            "min": 0,
            "med": 0.005,
            "max": 6.796,
            "p(90)": 0.01,
            "p(95)": 0.014
        },
        "data_received": {
            "count": 14132970,
            "rate": 352517.786247457
        },
        "http_req_tls_handshaking": {
            "avg": 0,
            "min": 0,
            "med": 0,
            "max": 0,
            "p(90)": 0,
            "p(95)": 0
        },
        "http_req_sending": {
            "avg": 0.035776959619951094,
            "min": 0.002,
            "med": 0.011,
            "max": 8.04,
            "p(90)": 0.055,
            "p(95)": 0.136
        },
        "data_sent": {
            "count": 1111440,
            "rate": 27722.578364411274
        },
        "vus": {
            "value": 1,
            "min": 1,
            "max": 50
        },
        "checks": {
            "fails": 0,
            "passes": 12630,
            "value": 1
        },
        "vus_max": {
            "value": 50,
            "min": 50,
            "max": 50
        },
        "http_req_waiting": {
            "max": 1067.832,
            "p(90)": 4.779100000000001,
            "p(95)": 6.872849999999996,
            "avg": 18.871633254156837,
            "min": 0.097,
            "med": 1.706
        }
    },
    "root_group": {
        "name": "",
        "path": "",
        "id": "d41d8cd98f00b204e9800998ecf8427e",
        "groups": {},
        "checks": {
                "status 200": {
                    "name": "status 200",
                    "path": "::status 200",
                    "id": "fad9fa412b86fcb03bee97c80dcd61f1",
                    "passes": 12630,
                    "fails": 0
                }
            }
    }
}