{
    "metrics": {
        "http_req_blocked": {
            "min": 0,
            "med": 0.004,
            "max": 8.312,
            "p(90)": 0.008,
            "p(95)": 0.011,
            "avg": 0.008732561776665876
        },
        "http_req_connecting": {
            "p(90)": 0,
            "p(95)": 0,
            "avg": 0.001935564591804817,
            "min": 0,
            "med": 0,
            "max": 1.027
        },
        "data_received": {
            "count": 10447796,
            "rate": 260789.82819934934
        },
        "http_req_duration{expected_response:true}": {
            "max": 857.603,
            "p(90)": 4.9259,
            "p(95)": 8.337649999999998,
            "avg": 17.45138152955892,
            "min": 0.083,
            "med": 1.265
        },
        "http_reqs": {
            "count": 12788,
            "rate": 319.2041960824349
        },
        "http_req_duration": {
            "min": 0.083,
            "med": 1.265,
            "max": 857.603,
            "p(90)": 4.9259,
            "p(95)": 8.337649999999998,
            "avg": 17.45138152955892
        },
        "http_req_waiting": {
            "min": 0.074,
            "med": 1.2055,
            "max": 857.591,
            "p(90)": 4.817100000000003,
            "p(95)": 8.041199999999996,
            "avg": 17.384356818892677
        },
        "http_req_failed": {
            "passes": 0,
            "fails": 12788,
            "value": 0
        },
        "data_sent": {
            "count": 1138132,
            "rate": 28409.17345133671
        },
        "vus_max": {
            "value": 50,
            "min": 50,
            "max": 50
        },
        "iteration_duration": {
            "p(90)": 105.577575,
            "p(95)": 109.1963374,
            "avg": 118.08659688520474,
            "min": 100.116416,
            "med": 101.996583,
            "max": 958.682041
        },
        "vus": {
            "value": 1,
            "min": 1,
            "max": 50
        },
        "http_req_sending": {
            "avg": 0.034444244604314674,
            "min": 0.001,
            "med": 0.008,
            "max": 36.989,
            "p(90)": 0.034,
            "p(95)": 0.10664999999999943
        },
        "http_req_receiving": {
            "avg": 0.032580466061932274,
            "min": 0.004,
            "med": 0.022,
            "max": 19.655,
            "p(90)": 0.048,
            "p(95)": 0.07
        },
        "http_req_tls_handshaking": {
            "avg": 0,
            "min": 0,
            "med": 0,
            "max": 0,
            "p(90)": 0,
            "p(95)": 0
        },
        "checks": {
            "passes": 12788,
            "fails": 0,
            "value": 1
        },
        "iterations": {
            "count": 12788,
            "rate": 319.2041960824349
        }
    },
    "root_group": {
        "name": "",
        "path": "",
        "id": "d41d8cd98f00b204e9800998ecf8427e",
        "groups": {},
        "checks": {
                "status 200": {
                    "path": "::status 200",
                    "id": "fad9fa412b86fcb03bee97c80dcd61f1",
                    "passes": 12788,
                    "fails": 0,
                    "name": "status 200"
                }
            }
    }
}