{
    "root_group": {
        "id": "d41d8cd98f00b204e9800998ecf8427e",
        "groups": {},
        "checks": {
                "status 200": {
                    "fails": 0,
                    "name": "status 200",
                    "path": "::status 200",
                    "id": "fad9fa412b86fcb03bee97c80dcd61f1",
                    "passes": 12580
                }
            },
        "name": "",
        "path": ""
    },
    "metrics": {
        "http_req_connecting": {
            "med": 0,
            "max": 1.647,
            "p(90)": 0,
            "p(95)": 0,
            "avg": 0.0017785373608903022,
            "min": 0
        },
        "data_received": {
            "count": 15636940,
            "rate": 390649.0495102666
        },
        "http_req_blocked": {
            "avg": 0.0072775039745630685,
            "min": 0,
            "med": 0.003,
            "max": 3.418,
            "p(90)": 0.008,
            "p(95)": 0.011
        },
        "checks": {
            "passes": 12580,
            "fails": 0,
            "value": 1
        },
        "vus": {
            "min": 1,
            "max": 50,
            "value": 1
        },
        "http_req_duration{expected_response:true}": {
            "p(90)": 5.918200000000001,
            "p(95)": 9.2991,
            "avg": 19.55208744038157,
            "min": 0.142,
            "med": 1.775,
            "max": 1042.371
        },
        "http_req_sending": {
            "avg": 0.020382750397455095,
            "min": 0.002,
            "med": 0.008,
            "max": 6.085,
            "p(90)": 0.031,
            "p(95)": 0.057
        },
        "vus_max": {
            "value": 50,
            "min": 50,
            "max": 50
        },
        "data_sent": {
            "rate": 32056.478720874653,
            "count": 1283160
        },
        "iteration_duration": {
            "avg": 119.98702886788601,
            "min": 100.180583,
            "med": 102.2616035,
            "max": 1143.224334,
            "p(90)": 106.5810167,
            "p(95)": 109.96917564999998
        },
        "iterations": {
            "count": 12580,
            "rate": 314.2792031458299
        },
        "http_req_failed": {
            "fails": 12580,
            "passes": 0,
            "value": 0
        },
        "http_req_duration": {
            "avg": 19.55208744038157,
            "min": 0.142,
            "med": 1.775,
            "max": 1042.371,
            "p(90)": 5.918200000000001,
            "p(95)": 9.2991
        },
        "http_req_tls_handshaking": {
            "avg": 0,
            "min": 0,
            "med": 0,
            "max": 0,
            "p(90)": 0,
            "p(95)": 0
        },
        "http_reqs": {
            "count": 12580,
            "rate": 314.2792031458299
        },
        "http_req_receiving": {
            "med": 0.017,
            "max": 1.439,
            "p(90)": 0.05,
            "p(95)": 0.071,
            "avg": 0.02686502384737613,
            "min": 0.004
        },
        "http_req_waiting": {
            "max": 1042.352,
            "p(90)": 5.859100000000001,
            "p(95)": 9.221649999999993,
            "avg": 19.50483966613677,
            "min": 0.131,
            "med": 1.725
        }
    }
}