{
    "root_group": {
        "path": "",
        "id": "d41d8cd98f00b204e9800998ecf8427e",
        "groups": {},
        "checks": {
                "status 200": {
                    "path": "::status 200",
                    "id": "fad9fa412b86fcb03bee97c80dcd61f1",
                    "passes": 55868,
                    "fails": 0,
                    "name": "status 200"
                }
            },
        "name": ""
    },
    "metrics": {
        "http_req_failed": {
            "passes": 0,
            "fails": 55868,
            "value": 0
        },
        "http_reqs": {
            "count": 55868,
            "rate": 1857.6686889723017
        },
        "http_req_receiving": {
            "avg": 0.40762330851292244,
            "min": 0.003,
            "med": 0.01,
            "max": 181.683,
            "p(90)": 0.044,
            "p(95)": 0.08464999999999752
        },
        "vus_max": {
            "value": 500,
            "min": 500,
            "max": 500
        },
        "vus": {
            "value": 1,
            "min": 1,
            "max": 500
        },
        "data_sent": {
            "rate": 165332.51331853485,
            "count": 4972252
        },
        "iterations": {
            "count": 55868,
            "rate": 1857.6686889723017
        },
        "http_req_tls_handshaking": {
            "avg": 0,
            "min": 0,
            "med": 0,
            "max": 0,
            "p(90)": 0,
            "p(95)": 0
        },
        "http_req_waiting": {
            "avg": 34.481483926397836,
            "min": 0.063,
            "med": 1.013,
            "max": 1964.566,
            "p(90)": 26.1843,
            "p(95)": 63.336
        },
        "http_req_blocked": {
            "med": 0.002,
            "max": 83.361,
            "p(90)": 0.005,
            "p(95)": 0.008,
            "avg": 0.010802534545712372,
            "min": 0
        },
        "http_req_sending": {
            "p(95)": 0.101,
            "avg": 0.13215074819216566,
            "min": 0.001,
            "med": 0.005,
            "max": 304.385,
            "p(90)": 0.04
        },
        "http_req_duration": {
            "med": 1.059,
            "max": 1964.698,
            "p(90)": 26.7996,
            "p(95)": 70.18849999999998,
            "avg": 35.0212579831028,
            "min": 0.073
        },
        "http_req_duration{expected_response:true}": {
            "min": 0.073,
            "med": 1.059,
            "max": 1964.698,
            "p(90)": 26.7996,
            "p(95)": 70.18849999999998,
            "avg": 35.0212579831028
        },
        "http_req_connecting": {
            "min": 0,
            "med": 0,
            "max": 3.135,
            "p(90)": 0,
            "p(95)": 0,
            "avg": 0.0030852903271998285
        },
        "data_received": {
            "rate": 1517715.3188903704,
            "count": 45644156
        },
        "iteration_duration": {
            "avg": 139.79556521853212,
            "min": 100.103916,
            "med": 101.7924795,
            "max": 2065.383875,
            "p(90)": 141.3571125,
            "p(95)": 234.84986424999965
        },
        "checks": {
            "fails": 0,
            "passes": 55868,
            "value": 1
        }
    }
}