{
    "metrics": {
        "http_req_receiving": {
            "max": 2.443,
            "p(90)": 0.029,
            "p(95)": 0.042,
            "avg": 0.01488173170434712,
            "min": 0.003,
            "med": 0.008
        },
        "iteration_duration": {
            "avg": 116.49542989709384,
            "min": 100.152375,
            "med": 100.8307085,
            "max": 1021.884084,
            "p(90)": 104.5099583,
            "p(95)": 108.16855184999999
        },
        "http_reqs": {
            "rate": 2192.0700812213126,
            "count": 65808
        },
        "http_req_tls_handshaking": {
            "avg": 0,
            "min": 0,
            "med": 0,
            "max": 0,
            "p(90)": 0,
            "p(95)": 0
        },
        "vus": {
            "value": 1,
            "min": 1,
            "max": 500
        },
        "http_req_waiting": {
            "max": 921.384,
            "p(90)": 4.205,
            "p(95)": 7.697649999999998,
            "avg": 16.272346310478905,
            "min": 0.105,
            "med": 0.616
        },
        "http_req_duration{expected_response:true}": {
            "avg": 16.296043930829093,
            "min": 0.114,
            "med": 0.638,
            "max": 921.405,
            "p(90)": 4.248,
            "p(95)": 7.7556499999999975
        },
        "data_received": {
            "rate": 2724743.110958092,
            "count": 81799344
        },
        "iterations": {
            "count": 65808,
            "rate": 2192.0700812213126
        },
        "http_req_blocked": {
            "med": 0.002,
            "max": 1.137,
            "p(90)": 0.004,
            "p(95)": 0.005,
            "avg": 0.004904950765863721,
            "min": 0
        },
        "http_req_sending": {
            "avg": 0.00881588864575598,
            "min": 0.001,
            "med": 0.004,
            "max": 4.961,
            "p(90)": 0.013,
            "p(95)": 0.027
        },
        "checks": {
            "passes": 65808,
            "fails": 0,
            "value": 1
        },
        "http_req_duration": {
            "avg": 16.296043930829093,
            "min": 0.114,
            "med": 0.638,
            "max": 921.405,
            "p(90)": 4.248,
            "p(95)": 7.7556499999999975
        },
        "http_req_failed": {
            "passes": 0,
            "fails": 65808,
            "value": 0
        },
        "data_sent": {
            "count": 6712416,
            "rate": 223591.14828457392
        },
        "vus_max": {
            "value": 500,
            "min": 500,
            "max": 500
        },
        "http_req_connecting": {
            "p(90)": 0,
            "p(95)": 0,
            "avg": 0.0021908278628738156,
            "min": 0,
            "med": 0,
            "max": 0.787
        }
    },
    "root_group": {
        "name": "",
        "path": "",
        "id": "d41d8cd98f00b204e9800998ecf8427e",
        "groups": {},
        "checks": {
                "status 200": {
                    "name": "status 200",
                    "path": "::status 200",
                    "id": "fad9fa412b86fcb03bee97c80dcd61f1",
                    "passes": 65808,
                    "fails": 0
                }
            }
    }
}