{
    "root_group": {
        "name": "",
        "path": "",
        "id": "d41d8cd98f00b204e9800998ecf8427e",
        "groups": {},
        "checks": {
                "status 200": {
                    "passes": 63036,
                    "fails": 0,
                    "name": "status 200",
                    "path": "::status 200",
                    "id": "fad9fa412b86fcb03bee97c80dcd61f1"
                }
            }
    },
    "metrics": {
        "http_req_connecting": {
            "avg": 0.004260882670220193,
            "min": 0,
            "med": 0,
            "max": 32.547,
            "p(90)": 0,
            "p(95)": 0
        },
        "http_req_blocked": {
            "avg": 0.010288708039845258,
            "min": 0,
            "med": 0.003,
            "max": 57.421,
            "p(90)": 0.005,
            "p(95)": 0.007
        },
        "http_req_receiving": {
            "p(95)": 0.063,
            "avg": 0.03867551875119225,
            "min": 0.003,
            "med": 0.012,
            "max": 13.041,
            "p(90)": 0.04
        },
        "http_req_tls_handshaking": {
            "max": 0,
            "p(90)": 0,
            "p(95)": 0,
            "avg": 0,
            "min": 0,
            "med": 0
        },
        "http_req_waiting": {
            "avg": 20.24385893774982,
            "min": 0.07,
            "med": 0.981,
            "max": 1032.061,
            "p(90)": 6.528500000000001,
            "p(95)": 11.932
        },
        "checks": {
            "passes": 63036,
            "fails": 0,
            "value": 1
        },
        "http_req_sending": {
            "avg": 0.03991496922393944,
            "min": 0.001,
            "med": 0.006,
            "max": 128.998,
            "p(90)": 0.032,
            "p(95)": 0.074
        },
        "iterations": {
            "count": 63036,
            "rate": 2053.7314210872696
        },
        "http_req_duration{expected_response:true}": {
            "avg": 20.322449425724834,
            "min": 0.077,
            "med": 1.022,
            "max": 1032.152,
            "p(90)": 6.702,
            "p(95)": 12.74699999999999
        },
        "vus": {
            "value": 1,
            "min": 1,
            "max": 500
        },
        "http_req_failed": {
            "passes": 0,
            "fails": 63036,
            "value": 0
        },
        "http_req_duration": {
            "avg": 20.322449425724834,
            "min": 0.077,
            "med": 1.022,
            "max": 1032.152,
            "p(90)": 6.702,
            "p(95)": 12.74699999999999
        },
        "vus_max": {
            "value": 500,
            "min": 500,
            "max": 500
        },
        "iteration_duration": {
            "max": 1132.518917,
            "p(90)": 108.0807915,
            "p(95)": 115.92632299999998,
            "avg": 121.58212253393394,
            "min": 100.118625,
            "med": 101.442812
        },
        "data_sent": {
            "count": 5547168,
            "rate": 180728.36505567972
        },
        "data_received": {
            "count": 70537284,
            "rate": 2298125.460196655
        },
        "http_reqs": {
            "count": 63036,
            "rate": 2053.7314210872696
        }
    }
}