{
    "root_group": {
        "checks": {
            "status 200": {
                "fails": 0,
                "name": "status 200",
                "path": "::status 200",
                "id": "fad9fa412b86fcb03bee97c80dcd61f1",
                "passes": 17556
            }
        },
        "name": "",
        "path": "",
        "id": "d41d8cd98f00b204e9800998ecf8427e",
        "groups": {}
    },
    "metrics": {
        "http_req_failed": {
            "passes": 0,
            "fails": 17556,
            "value": 0
        },
        "checks": {
            "passes": 17556,
            "fails": 0,
            "value": 1
        },
        "data_received": {
            "count": 6532364,
            "rate": 130474.80014269936
        },
        "http_reqs": {
            "count": 17556,
            "rate": 350.6564532082459
        },
        "http_req_waiting": {
            "min": 0.039,
            "med": 0.806,
            "max": 733.868,
            "p(90)": 2.421,
            "p(95)": 3.386249999999999,
            "avg": 13.286563169286927
        },
        "vus": {
            "max": 50,
            "value": 1,
            "min": 1
        },
        "http_req_sending": {
            "med": 0.01,
            "max": 10.375,
            "p(90)": 0.077,
            "p(95)": 0.216,
            "avg": 0.04973251310093351,
            "min": 0.001
        },
        "http_req_duration{expected_response:true}": {
            "avg": 13.384104978354953,
            "min": 0.047,
            "med": 0.9,
            "max": 733.907,
            "p(90)": 2.599,
            "p(95)": 3.6464999999999983
        },
        "http_req_connecting": {
            "avg": 0.0012106402369560264,
            "min": 0,
            "med": 0,
            "max": 1.033,
            "p(90)": 0,
            "p(95)": 0
        },
        "data_sent": {
            "count": 1631656,
            "rate": 32590.037925265075
        },
        "http_req_duration": {
            "avg": 13.384104978354953,
            "min": 0.047,
            "med": 0.9,
            "max": 733.907,
            "p(90)": 2.599,
            "p(95)": 3.6464999999999983
        },
        "iterations": {
            "count": 17556,
            "rate": 350.6564532082459
        },
        "iteration_duration": {
            "med": 101.8961045,
            "max": 836.253667,
            "p(90)": 104.3681045,
            "p(95)": 105.860698,
            "avg": 114.40002142538228,
            "min": 100.091834
        },
        "http_req_blocked": {
            "p(90)": 0.009,
            "p(95)": 0.012,
            "avg": 0.008130097972203222,
            "min": 0,
            "med": 0.004,
            "max": 2.198
        },
        "vus_max": {
            "value": 50,
            "min": 50,
            "max": 50
        },
        "http_req_receiving": {
            "min": 0.003,
            "med": 0.023,
            "max": 6.109,
            "p(90)": 0.06550000000000039,
            "p(95)": 0.12624999999999922,
            "avg": 0.04780929596718944
        },
        "http_req_tls_handshaking": {
            "min": 0,
            "med": 0,
            "max": 0,
            "p(90)": 0,
            "p(95)": 0,
            "avg": 0
        }
    }
}