{
    "root_group": {
        "name": "",
        "path": "",
        "id": "d41d8cd98f00b204e9800998ecf8427e",
        "groups": {},
        "checks": {
                "status 200": {
                    "name": "status 200",
                    "path": "::status 200",
                    "id": "fad9fa412b86fcb03bee97c80dcd61f1",
                    "passes": 13078,
                    "fails": 0
                }
            }
    },
    "metrics": {
        "data_received": {
            "count": 7624474,
            "rate": 190314.8351525192
        },
        "http_req_blocked": {
            "avg": 0.00888966202783333,
            "min": 0,
            "med": 0.004,
            "max": 1.585,
            "p(90)": 0.01,
            "p(95)": 0.013
        },
        "http_req_duration": {
            "avg": 14.40551483407246,
            "min": 0.06,
            "med": 0.9365000000000001,
            "max": 771.883,
            "p(90)": 2.746,
            "p(95)": 3.700749999999997
        },
        "http_req_waiting": {
            "avg": 14.316555513075436,
            "min": 0.052,
            "med": 0.854,
            "max": 771.868,
            "p(90)": 2.5796000000000006,
            "p(95)": 3.4603499999999947
        },
        "iteration_duration": {
            "avg": 115.53535857179985,
            "min": 100.096334,
            "med": 101.9469995,
            "max": 873.902667,
            "p(90)": 104.3972502,
            "p(95)": 105.80366875
        },
        "checks": {
            "passes": 13078,
            "fails": 0,
            "value": 1
        },
        "http_req_connecting": {
            "med": 0,
            "max": 1.497,
            "p(90)": 0,
            "p(95)": 0,
            "avg": 0.001980960391497171,
            "min": 0
        },
        "http_req_sending": {
            "p(95)": 0.194,
            "avg": 0.04324850894632153,
            "min": 0.001,
            "med": 0.01,
            "max": 3.633,
            "p(90)": 0.06
        },
        "http_req_failed": {
            "passes": 0,
            "fails": 13078,
            "value": 0
        },
        "http_reqs": {
            "count": 13078,
            "rate": 326.44054057035885
        },
        "http_req_duration{expected_response:true}": {
            "avg": 14.40551483407246,
            "min": 0.06,
            "med": 0.9365000000000001,
            "max": 771.883,
            "p(90)": 2.746,
            "p(95)": 3.700749999999997
        },
        "vus": {
            "value": 1,
            "min": 1,
            "max": 50
        },
        "vus_max": {
            "min": 50,
            "max": 50,
            "value": 50
        },
        "data_sent": {
            "count": 1333956,
            "rate": 33296.9351381766
        },
        "iterations": {
            "count": 13078,
            "rate": 326.44054057035885
        },
        "http_req_tls_handshaking": {
            "avg": 0,
            "min": 0,
            "med": 0,
            "max": 0,
            "p(90)": 0,
            "p(95)": 0
        },
        "http_req_receiving": {
            "avg": 0.045710812050771286,
            "min": 0.004,
            "med": 0.023,
            "max": 6.872,
            "p(90)": 0.066,
            "p(95)": 0.115
        }
    }
}