{
    "root_group": {
        "name": "",
        "path": "",
        "id": "d41d8cd98f00b204e9800998ecf8427e",
        "groups": {},
        "checks": {
                "status 200": {
                    "name": "status 200",
                    "path": "::status 200",
                    "id": "fad9fa412b86fcb03bee97c80dcd61f1",
                    "passes": 13120,
                    "fails": 0
                }
            }
    },
    "metrics": {
        "vus": {
            "value": 1,
            "min": 1,
            "max": 50
        },
        "http_req_blocked": {
            "avg": 0.010280182926829468,
            "min": 0,
            "med": 0.004,
            "max": 6.905,
            "p(90)": 0.01,
            "p(95)": 0.013
        },
        "http_req_tls_handshaking": {
            "max": 0,
            "p(90)": 0,
            "p(95)": 0,
            "avg": 0,
            "min": 0,
            "med": 0
        },
        "http_req_duration": {
            "avg": 13.96906097560979,
            "min": 0.057,
            "med": 0.855,
            "max": 775.331,
            "p(90)": 2.6571000000000002,
            "p(95)": 3.8391499999999983
        },
        "vus_max": {
            "value": 50,
            "min": 50,
            "max": 50
        },
        "http_req_receiving": {
            "p(95)": 0.128,
            "avg": 0.051884070121950156,
            "min": 0.004,
            "med": 0.023,
            "max": 7.307,
            "p(90)": 0.069
        },
        "iteration_duration": {
            "med": 101.88202050000001,
            "max": 876.822333,
            "p(90)": 104.66131700000001,
            "p(95)": 106.36822674999999,
            "avg": 115.11013600739392,
            "min": 100.103875
        },
        "checks": {
            "fails": 0,
            "passes": 13120,
            "value": 1
        },
        "data_received": {
            "count": 3765440,
            "rate": 94027.48288200589
        },
        "iterations": {
            "count": 13120,
            "rate": 327.6218915749334
        },
        "http_req_sending": {
            "p(95)": 0.2040499999999994,
            "avg": 0.046491996951218875,
            "min": 0.001,
            "med": 0.01,
            "max": 7.605,
            "p(90)": 0.067
        },
        "data_sent": {
            "count": 1154560,
            "rate": 28830.726458594138
        },
        "http_req_failed": {
            "fails": 13120,
            "passes": 0,
            "value": 0
        },
        "http_reqs": {
            "rate": 327.6218915749334,
            "count": 13120
        },
        "http_req_waiting": {
            "avg": 13.870684908536619,
            "min": 0.047,
            "med": 0.778,
            "max": 775.319,
            "p(90)": 2.472300000000001,
            "p(95)": 3.5451499999999982
        },
        "http_req_connecting": {
            "avg": 0.0018720274390243896,
            "min": 0,
            "med": 0,
            "max": 0.965,
            "p(90)": 0,
            "p(95)": 0
        },
        "http_req_duration{expected_response:true}": {
            "max": 775.331,
            "p(90)": 2.6571000000000002,
            "p(95)": 3.8391499999999983,
            "avg": 13.96906097560979,
            "min": 0.057,
            "med": 0.855
        }
    }
}