{
    "root_group": {
        "name": "",
        "path": "",
        "id": "d41d8cd98f00b204e9800998ecf8427e",
        "groups": {},
        "checks": {
                "status 200": {
                    "name": "status 200",
                    "path": "::status 200",
                    "id": "fad9fa412b86fcb03bee97c80dcd61f1",
                    "passes": 13127,
                    "fails": 0
                }
            }
    },
    "metrics": {
        "http_req_failed": {
            "passes": 0,
            "fails": 13127,
            "value": 0
        },
        "data_received": {
            "count": 3294877,
            "rate": 82360.00338950938
        },
        "checks": {
            "fails": 0,
            "passes": 13127,
            "value": 1
        },
        "http_req_duration{expected_response:true}": {
            "p(95)": 3.717899999999996,
            "avg": 13.868093090576645,
            "min": 0.059,
            "med": 0.853,
            "max": 777.855,
            "p(90)": 2.564
        },
        "iteration_duration": {
            "max": 879.1105,
            "p(90)": 104.6921828,
            "p(95)": 106.3558626,
            "avg": 115.05930918069656,
            "min": 100.086208,
            "med": 101.909541
        },
        "http_req_receiving": {
            "avg": 0.06201317894415963,
            "min": 0.004,
            "med": 0.024,
            "max": 7.7,
            "p(90)": 0.075,
            "p(95)": 0.153
        },
        "http_req_sending": {
            "min": 0.001,
            "med": 0.011,
            "max": 7.661,
            "p(90)": 0.058,
            "p(95)": 0.183,
            "avg": 0.04522548944922563
        },
        "http_req_connecting": {
            "avg": 0.0021919707473146946,
            "min": 0,
            "med": 0,
            "max": 4.194,
            "p(90)": 0,
            "p(95)": 0
        },
        "vus": {
            "value": 1,
            "min": 1,
            "max": 50
        },
        "http_req_duration": {
            "avg": 13.868093090576645,
            "min": 0.059,
            "med": 0.853,
            "max": 777.855,
            "p(90)": 2.564,
            "p(95)": 3.717899999999996
        },
        "vus_max": {
            "value": 50,
            "min": 50,
            "max": 50
        },
        "http_reqs": {
            "count": 13127,
            "rate": 328.127503543862
        },
        "iterations": {
            "count": 13127,
            "rate": 328.127503543862
        },
        "data_sent": {
            "count": 1168303,
            "rate": 29203.347815403722
        },
        "http_req_tls_handshaking": {
            "p(90)": 0,
            "p(95)": 0,
            "avg": 0,
            "min": 0,
            "med": 0,
            "max": 0
        },
        "http_req_waiting": {
            "p(95)": 3.3336999999999994,
            "avg": 13.760854422183302,
            "min": 0.049,
            "med": 0.778,
            "max": 777.816,
            "p(90)": 2.404
        },
        "http_req_blocked": {
            "p(95)": 0.013,
            "avg": 0.011041517483049934,
            "min": 0,
            "med": 0.005,
            "max": 4.688,
            "p(90)": 0.01
        }
    }
}