{
    "root_group": {
        "name": "",
        "path": "",
        "id": "d41d8cd98f00b204e9800998ecf8427e",
        "groups": {},
        "checks": {
                "status 200": {
                    "id": "fad9fa412b86fcb03bee97c80dcd61f1",
                    "passes": 65934,
                    "fails": 0,
                    "name": "status 200",
                    "path": "::status 200"
                }
            }
    },
    "metrics": {
        "iteration_duration": {
            "max": 915.722583,
            "p(90)": 105.3766876,
            "p(95)": 108.96506699999999,
            "avg": 116.15873880465239,
            "min": 100.08125,
            "med": 100.934834
        },
        "http_req_receiving": {
            "min": 0.003,
            "med": 0.014,
            "max": 18.363,
            "p(90)": 0.049,
            "p(95)": 0.10734999999999707,
            "avg": 0.06228325294991806
        },
        "http_req_blocked": {
            "p(90)": 0.006,
            "p(95)": 0.008,
            "avg": 0.007006203172868831,
            "min": 0,
            "med": 0.003,
            "max": 3.113
        },
        "vus": {
            "value": 1,
            "min": 1,
            "max": 500
        },
        "data_sent": {
            "count": 5802192,
            "rate": 193036.46491862994
        },
        "checks": {
            "passes": 65934,
            "fails": 0,
            "value": 1
        },
        "http_reqs": {
            "rate": 2193.5961922571582,
            "count": 65934
        },
        "http_req_connecting": {
            "avg": 0.002669973003306339,
            "min": 0,
            "med": 0,
            "max": 1.875,
            "p(90)": 0,
            "p(95)": 0
        },
        "iterations": {
            "count": 65934,
            "rate": 2193.5961922571582
        },
        "http_req_duration": {
            "med": 0.396,
            "max": 814.448,
            "p(90)": 3.1237000000000017,
            "p(95)": 6.044349999999997,
            "avg": 15.388459611126382,
            "min": 0.052
        },
        "http_req_sending": {
            "max": 22.037,
            "p(90)": 0.082,
            "p(95)": 0.252,
            "avg": 0.07819671186337208,
            "min": 0.001,
            "med": 0.007
        },
        "data_received": {
            "count": 18923058,
            "rate": 629562.1071778045
        },
        "http_req_duration{expected_response:true}": {
            "med": 0.396,
            "max": 814.448,
            "p(90)": 3.1237000000000017,
            "p(95)": 6.044349999999997,
            "avg": 15.388459611126382,
            "min": 0.052
        },
        "http_req_waiting": {
            "avg": 15.247979646312983,
            "min": 0.043,
            "med": 0.341,
            "max": 814.434,
            "p(90)": 2.755,
            "p(95)": 5.1973499999999975
        },
        "http_req_tls_handshaking": {
            "avg": 0,
            "min": 0,
            "med": 0,
            "max": 0,
            "p(90)": 0,
            "p(95)": 0
        },
        "http_req_failed": {
            "passes": 0,
            "fails": 65934,
            "value": 0
        },
        "vus_max": {
            "value": 500,
            "min": 500,
            "max": 500
        }
    }
}