{
    "root_group": {
        "name": "",
        "path": "",
        "id": "d41d8cd98f00b204e9800998ecf8427e",
        "groups": {},
        "checks": {
                "status 200": {
                    "name": "status 200",
                    "path": "::status 200",
                    "id": "fad9fa412b86fcb03bee97c80dcd61f1",
                    "passes": 66509,
                    "fails": 0
                }
            }
    },
    "metrics": {
        "http_req_connecting": {
            "p(95)": 0,
            "avg": 0.002798718970364912,
            "min": 0,
            "med": 0,
            "max": 3.435,
            "p(90)": 0
        },
        "vus_max": {
            "value": 500,
            "min": 500,
            "max": 500
        },
        "iterations": {
            "count": 66509,
            "rate": 2214.6898916350697
        },
        "iteration_duration": {
            "p(95)": 110.9397918,
            "avg": 115.03143387965689,
            "min": 100.087334,
            "med": 101.202083,
            "max": 822.44975,
            "p(90)": 107.10954160000001
        },
        "http_reqs": {
            "rate": 2214.6898916350697,
            "count": 66509
        },
        "http_req_duration{expected_response:true}": {
            "avg": 14.15229726803894,
            "min": 0.05,
            "med": 0.53,
            "max": 720.211,
            "p(90)": 4.375400000000003,
            "p(95)": 7.995599999999997
        },
        "data_received": {
            "count": 38774747,
            "rate": 1291164.2068232456
        },
        "http_req_duration": {
            "avg": 14.15229726803894,
            "min": 0.05,
            "med": 0.53,
            "max": 720.211,
            "p(90)": 4.375400000000003,
            "p(95)": 7.995599999999997
        },
        "http_req_waiting": {
            "max": 720.196,
            "p(90)": 4.126,
            "p(95)": 7.609,
            "avg": 14.059891398156669,
            "min": 0.041,
            "med": 0.473
        },
        "http_req_blocked": {
            "med": 0.003,
            "max": 9.44,
            "p(90)": 0.005,
            "p(95)": 0.007,
            "avg": 0.0069835811694614275,
            "min": 0
        },
        "checks": {
            "passes": 66509,
            "fails": 0,
            "value": 1
        },
        "http_req_tls_handshaking": {
            "p(95)": 0,
            "avg": 0,
            "min": 0,
            "med": 0,
            "max": 0,
            "p(90)": 0
        },
        "http_req_sending": {
            "med": 0.007,
            "max": 11.149,
            "p(90)": 0.068,
            "p(95)": 0.233,
            "avg": 0.05933897667985142,
            "min": 0.001
        },
        "data_sent": {
            "count": 6783918,
            "rate": 225898.3689467771
        },
        "http_req_receiving": {
            "avg": 0.03306689320243051,
            "min": 0.003,
            "med": 0.014,
            "max": 13.126,
            "p(90)": 0.037,
            "p(95)": 0.077
        },
        "http_req_failed": {
            "passes": 0,
            "fails": 66509,
            "value": 0
        },
        "vus": {
            "value": 1,
            "min": 1,
            "max": 500
        }
    }
}