{
    "root_group": {
        "checks": {
            "status 200": {
                "path": "::status 200",
                "id": "fad9fa412b86fcb03bee97c80dcd61f1",
                "passes": 65609,
                "fails": 0,
                "name": "status 200"
            }
        },
        "name": "",
        "path": "",
        "id": "d41d8cd98f00b204e9800998ecf8427e",
        "groups": {}
    },
    "metrics": {
        "http_req_duration{expected_response:true}": {
            "max": 786.692,
            "p(90)": 4.241200000000001,
            "p(95)": 7.461199999999994,
            "avg": 15.62421559542157,
            "min": 0.041,
            "med": 0.569
        },
        "data_sent": {
            "count": 5839201,
            "rate": 194097.15007448
        },
        "checks": {
            "passes": 65609,
            "fails": 0,
            "value": 1
        },
        "vus": {
            "value": 1,
            "min": 1,
            "max": 500
        },
        "iteration_duration": {
            "avg": 116.74071905412355,
            "min": 100.075916,
            "med": 101.319959,
            "max": 930.187458,
            "p(90)": 106.5469244,
            "p(95)": 111.10759999999998
        },
        "http_req_duration": {
            "avg": 15.62421559542157,
            "min": 0.041,
            "med": 0.569,
            "max": 786.692,
            "p(90)": 4.241200000000001,
            "p(95)": 7.461199999999994
        },
        "http_req_waiting": {
            "med": 0.497,
            "max": 786.678,
            "p(90)": 3.8552000000000013,
            "p(95)": 6.8295999999999975,
            "avg": 15.486005837613698,
            "min": 0.034
        },
        "http_req_failed": {
            "fails": 65609,
            "passes": 0,
            "value": 0
        },
        "http_req_receiving": {
            "med": 0.016,
            "max": 27.445,
            "p(90)": 0.047,
            "p(95)": 0.101,
            "avg": 0.042902818210915884,
            "min": 0.003
        },
        "iterations": {
            "count": 65609,
            "rate": 2180.8668547694383
        },
        "http_req_blocked": {
            "med": 0.003,
            "max": 7.351,
            "p(90)": 0.007,
            "p(95)": 0.009,
            "avg": 0.008510585437970997,
            "min": 0
        },
        "data_received": {
            "count": 16467859,
            "rate": 547397.580547129
        },
        "vus_max": {
            "value": 500,
            "min": 500,
            "max": 500
        },
        "http_reqs": {
            "count": 65609,
            "rate": 2180.8668547694383
        },
        "http_req_connecting": {
            "avg": 0.0035958938560258515,
            "min": 0,
            "med": 0,
            "max": 7.245,
            "p(90)": 0,
            "p(95)": 0
        },
        "http_req_tls_handshaking": {
            "max": 0,
            "p(90)": 0,
            "p(95)": 0,
            "avg": 0,
            "min": 0,
            "med": 0
        },
        "http_req_sending": {
            "avg": 0.09530693959669506,
            "min": 0.001,
            "med": 0.007,
            "max": 25.186,
            "p(90)": 0.101,
            "p(95)": 0.364
        }
    }
}