{
    "metrics": {
        "http_req_duration{expected_response:true}": {
            "min": 0.048,
            "med": 0.873,
            "max": 833.093,
            "p(90)": 3.312,
            "p(95)": 5.076899999999996,
            "avg": 14.373050205448337
        },
        "vus": {
            "value": 2,
            "min": 2,
            "max": 200
        },
        "http_req_duration": {
            "med": 0.873,
            "max": 833.093,
            "p(90)": 3.312,
            "p(95)": 5.076899999999996,
            "avg": 14.373050205448337,
            "min": 0.048
        },
        "http_req_connecting": {
            "p(95)": 0,
            "avg": 0.00125927972100411,
            "min": 0,
            "med": 0,
            "max": 1.62,
            "p(90)": 0
        },
        "vus_max": {
            "value": 200,
            "min": 200,
            "max": 200
        },
        "checks": {
            "passes": 86883,
            "fails": 0,
            "value": 1
        },
        "data_received": {
            "count": 24935421,
            "rate": 311522.5349048329
        },
        "http_req_blocked": {
            "avg": 0.0073002773845275495,
            "min": 0,
            "med": 0.004,
            "max": 12.41,
            "p(90)": 0.007,
            "p(95)": 0.009
        },
        "iterations": {
            "count": 86883,
            "rate": 1085.444372490707
        },
        "http_req_receiving": {
            "p(95)": 0.136,
            "avg": 0.05231402000391188,
            "min": 0.004,
            "med": 0.021,
            "max": 16.009,
            "p(90)": 0.059
        },
        "http_req_failed": {
            "passes": 0,
            "fails": 86883,
            "value": 0
        },
        "http_reqs": {
            "count": 86883,
            "rate": 1085.444372490707
        },
        "http_req_sending": {
            "min": 0.001,
            "med": 0.009,
            "max": 13.608,
            "p(90)": 0.11,
            "p(95)": 0.299,
            "avg": 0.06653798786873212
        },
        "data_sent": {
            "count": 7645704,
            "rate": 95519.10477918222
        },
        "http_req_waiting": {
            "avg": 14.254198197576033,
            "min": 0.038,
            "med": 0.779,
            "max": 833.074,
            "p(90)": 3.062800000000002,
            "p(95)": 4.706899999999996
        },
        "iteration_duration": {
            "med": 101.702625,
            "max": 934.031375,
            "p(90)": 105.2832166,
            "p(95)": 107.72147139999998,
            "avg": 115.34097452360086,
            "min": 100.077167
        },
        "http_req_tls_handshaking": {
            "med": 0,
            "max": 0,
            "p(90)": 0,
            "p(95)": 0,
            "avg": 0,
            "min": 0
        }
    },
    "root_group": {
        "name": "",
        "path": "",
        "id": "d41d8cd98f00b204e9800998ecf8427e",
        "groups": {},
        "checks": {
                "status 200": {
                    "name": "status 200",
                    "path": "::status 200",
                    "id": "fad9fa412b86fcb03bee97c80dcd61f1",
                    "passes": 86883,
                    "fails": 0
                }
            }
    }
}