{
    "metrics": {
        "http_req_duration{expected_response:true}": {
            "p(95)": 5.005,
            "avg": 13.82433990379655,
            "min": 0.053,
            "med": 0.666,
            "max": 746.114,
            "p(90)": 3.3314000000000017
        },
        "iterations": {
            "rate": 1088.1103566527872,
            "count": 87107
        },
        "http_reqs": {
            "count": 87107,
            "rate": 1088.1103566527872
        },
        "http_req_blocked": {
            "med": 0.002,
            "max": 23.665,
            "p(90)": 0.005,
            "p(95)": 0.007,
            "avg": 0.006043016060702401,
            "min": 0
        },
        "iteration_duration": {
            "avg": 114.959331224207,
            "min": 100.080041,
            "med": 101.5315,
            "max": 846.474334,
            "p(90)": 104.9274336,
            "p(95)": 107.1223457
        },
        "vus": {
            "value": 1,
            "min": 1,
            "max": 200
        },
        "http_req_receiving": {
            "avg": 0.0408185335277366,
            "min": 0.003,
            "med": 0.012,
            "max": 83.739,
            "p(90)": 0.041,
            "p(95)": 0.091
        },
        "data_received": {
            "count": 50783381,
            "rate": 634368.337928575
        },
        "http_req_duration": {
            "avg": 13.82433990379655,
            "min": 0.053,
            "med": 0.666,
            "max": 746.114,
            "p(90)": 3.3314000000000017,
            "p(95)": 5.005
        },
        "http_req_failed": {
            "fails": 87107,
            "passes": 0,
            "value": 0
        },
        "checks": {
            "fails": 0,
            "passes": 87107,
            "value": 1
        },
        "data_sent": {
            "count": 8884914,
            "rate": 110987.25637858431
        },
        "vus_max": {
            "value": 200,
            "min": 200,
            "max": 200
        },
        "http_req_connecting": {
            "avg": 0.001495918812494978,
            "min": 0,
            "med": 0,
            "max": 23.569,
            "p(90)": 0,
            "p(95)": 0
        },
        "http_req_sending": {
            "med": 0.006,
            "max": 35.341,
            "p(90)": 0.07,
            "p(95)": 0.2066999999999961,
            "avg": 0.04724694915449007,
            "min": 0.001
        },
        "http_req_waiting": {
            "avg": 13.73627442111422,
            "min": 0.044,
            "med": 0.604,
            "max": 745.713,
            "p(90)": 3.143,
            "p(95)": 4.685699999999996
        },
        "http_req_tls_handshaking": {
            "avg": 0,
            "min": 0,
            "med": 0,
            "max": 0,
            "p(90)": 0,
            "p(95)": 0
        }
    },
    "root_group": {
        "checks": {
            "status 200": {
                "fails": 0,
                "name": "status 200",
                "path": "::status 200",
                "id": "fad9fa412b86fcb03bee97c80dcd61f1",
                "passes": 87107
            }
        },
        "name": "",
        "path": "",
        "id": "d41d8cd98f00b204e9800998ecf8427e",
        "groups": {}
    }
}