{
    "root_group": {
        "id": "d41d8cd98f00b204e9800998ecf8427e",
        "groups": {},
        "checks": {
                "status 200": {
                    "name": "status 200",
                    "path": "::status 200",
                    "id": "fad9fa412b86fcb03bee97c80dcd61f1",
                    "passes": 17426,
                    "fails": 0
                }
            },
        "name": "",
        "path": ""
    },
    "metrics": {
        "iterations": {
            "count": 17426,
            "rate": 347.82360844059673
        },
        "http_req_blocked": {
            "min": 0,
            "med": 0.005,
            "max": 1.708,
            "p(90)": 0.009,
            "p(95)": 0.012,
            "avg": 0.008786755422931261
        },
        "vus": {
            "value": 1,
            "min": 1,
            "max": 50
        },
        "http_req_duration": {
            "avg": 13.585912888786845,
            "min": 0.046,
            "med": 1.017,
            "max": 756.957,
            "p(90)": 2.8135000000000003,
            "p(95)": 3.8124999999999987
        },
        "http_req_tls_handshaking": {
            "p(90)": 0,
            "p(95)": 0,
            "avg": 0,
            "min": 0,
            "med": 0,
            "max": 0
        },
        "data_received": {
            "count": 6485486,
            "rate": 129450.54189205624
        },
        "iteration_duration": {
            "p(90)": 105.48568750000001,
            "p(95)": 106.666562,
            "avg": 115.24540855285161,
            "min": 100.075917,
            "med": 102.679667,
            "max": 859.169625
        },
        "http_reqs": {
            "count": 17426,
            "rate": 347.82360844059673
        },
        "data_sent": {
            "count": 1619704,
            "rate": 32329.35211096455
        },
        "http_req_sending": {
            "max": 7.095,
            "p(90)": 0.069,
            "p(95)": 0.23074999999999923,
            "avg": 0.0513472971422009,
            "min": 0.001,
            "med": 0.012
        },
        "checks": {
            "passes": 17426,
            "fails": 0,
            "value": 1
        },
        "http_req_receiving": {
            "p(90)": 0.06,
            "p(95)": 0.117,
            "avg": 0.04450900952599413,
            "min": 0.004,
            "med": 0.022,
            "max": 7.426
        },
        "http_req_failed": {
            "passes": 0,
            "fails": 17426,
            "value": 0
        },
        "http_req_waiting": {
            "med": 0.922,
            "max": 756.923,
            "p(90)": 2.67,
            "p(95)": 3.5667499999999994,
            "avg": 13.49005658211864,
            "min": 0.039
        },
        "vus_max": {
            "value": 50,
            "min": 50,
            "max": 50
        },
        "http_req_connecting": {
            "avg": 0.0016265350625502123,
            "min": 0,
            "med": 0,
            "max": 1.589,
            "p(90)": 0,
            "p(95)": 0
        },
        "http_req_duration{expected_response:true}": {
            "avg": 13.585912888786845,
            "min": 0.046,
            "med": 1.017,
            "max": 756.957,
            "p(90)": 2.8135000000000003,
            "p(95)": 3.8124999999999987
        }
    }
}