{
    "root_group": {
        "name": "",
        "path": "",
        "id": "d41d8cd98f00b204e9800998ecf8427e",
        "groups": {},
        "checks": {
                "status 200": {
                    "id": "fad9fa412b86fcb03bee97c80dcd61f1",
                    "passes": 13039,
                    "fails": 0,
                    "name": "status 200",
                    "path": "::status 200"
                }
            }
    },
    "metrics": {
        "http_req_duration{expected_response:true}": {
            "med": 1.17,
            "max": 810.598,
            "p(90)": 3.057,
            "p(95)": 4.161299999999998,
            "avg": 14.315788250632652,
            "min": 0.052
        },
        "http_req_receiving": {
            "med": 0.023,
            "max": 3.968,
            "p(90)": 0.059,
            "p(95)": 0.11609999999999943,
            "avg": 0.048145870082060206,
            "min": 0.004
        },
        "http_req_blocked": {
            "avg": 0.009992714165197127,
            "min": 0,
            "med": 0.005,
            "max": 2.174,
            "p(90)": 0.009,
            "p(95)": 0.012
        },
        "http_req_connecting": {
            "max": 1.489,
            "p(90)": 0,
            "p(95)": 0,
            "avg": 0.002332157374031751,
            "min": 0,
            "med": 0
        },
        "iterations": {
            "count": 13039,
            "rate": 325.4372068797011
        },
        "iteration_duration": {
            "max": 912.671,
            "p(90)": 105.48301640000001,
            "p(95)": 106.787742,
            "avg": 115.81710209072767,
            "min": 100.091333,
            "med": 102.7005
        },
        "http_req_tls_handshaking": {
            "avg": 0,
            "min": 0,
            "med": 0,
            "max": 0,
            "p(90)": 0,
            "p(95)": 0
        },
        "http_req_sending": {
            "max": 5.569,
            "p(90)": 0.056,
            "p(95)": 0.194,
            "avg": 0.04461829894930483,
            "min": 0.001,
            "med": 0.012
        },
        "http_reqs": {
            "count": 13039,
            "rate": 325.4372068797011
        },
        "http_req_failed": {
            "passes": 0,
            "fails": 13039,
            "value": 0
        },
        "http_req_waiting": {
            "p(90)": 2.883,
            "p(95)": 3.9605999999999963,
            "avg": 14.223024081601398,
            "min": 0.043,
            "med": 1.07,
            "max": 810.546
        },
        "vus": {
            "value": 1,
            "min": 1,
            "max": 50
        },
        "data_received": {
            "count": 7601737,
            "rate": 189729.89161086574
        },
        "http_req_duration": {
            "avg": 14.315788250632652,
            "min": 0.052,
            "med": 1.17,
            "max": 810.598,
            "p(90)": 3.057,
            "p(95)": 4.161299999999998
        },
        "checks": {
            "passes": 13039,
            "fails": 0,
            "value": 1
        },
        "vus_max": {
            "value": 50,
            "min": 50,
            "max": 50
        },
        "data_sent": {
            "count": 1329978,
            "rate": 33194.59510172951
        }
    }
}