{
    "root_group": {
        "name": "",
        "path": "",
        "id": "d41d8cd98f00b204e9800998ecf8427e",
        "groups": {},
        "checks": {
                "status 200": {
                    "name": "status 200",
                    "path": "::status 200",
                    "id": "fad9fa412b86fcb03bee97c80dcd61f1",
                    "passes": 13117,
                    "fails": 0
                }
            }
    },
    "metrics": {
        "http_req_waiting": {
            "avg": 13.417658306015115,
            "min": 0.048,
            "med": 0.965,
            "max": 751.971,
            "p(90)": 2.655,
            "p(95)": 3.488599999999998
        },
        "http_req_duration{expected_response:true}": {
            "p(95)": 3.7061999999999995,
            "avg": 13.50753381108479,
            "min": 0.055,
            "med": 1.061,
            "max": 751.991,
            "p(90)": 2.8224000000000005
        },
        "vus": {
            "value": 1,
            "min": 1,
            "max": 50
        },
        "http_req_sending": {
            "max": 6.073,
            "p(90)": 0.048,
            "p(95)": 0.177,
            "avg": 0.04439963406266602,
            "min": 0.001,
            "med": 0.012
        },
        "http_req_failed": {
            "fails": 13117,
            "passes": 0,
            "value": 0
        },
        "checks": {
            "passes": 13117,
            "fails": 0,
            "value": 1
        },
        "data_received": {
            "rate": 94052.92206515446,
            "count": 3764579
        },
        "iteration_duration": {
            "avg": 115.09349928748944,
            "min": 100.097792,
            "med": 102.715459,
            "max": 853.953542,
            "p(90)": 105.36760840000001,
            "p(95)": 106.54152479999999
        },
        "iterations": {
            "count": 13117,
            "rate": 327.71052984374376
        },
        "http_req_blocked": {
            "max": 1.63,
            "p(90)": 0.009,
            "p(95)": 0.012,
            "avg": 0.00958260272928299,
            "min": 0,
            "med": 0.005
        },
        "vus_max": {
            "value": 50,
            "min": 50,
            "max": 50
        },
        "http_req_tls_handshaking": {
            "avg": 0,
            "min": 0,
            "med": 0,
            "max": 0,
            "p(90)": 0,
            "p(95)": 0
        },
        "http_req_connecting": {
            "min": 0,
            "med": 0,
            "max": 1.252,
            "p(90)": 0,
            "p(95)": 0,
            "avg": 0.0020874437752534877
        },
        "data_sent": {
            "count": 1154296,
            "rate": 28838.52662624945
        },
        "http_req_receiving": {
            "avg": 0.0454758710070887,
            "min": 0.003,
            "med": 0.022,
            "max": 4.709,
            "p(90)": 0.062,
            "p(95)": 0.115
        },
        "http_req_duration": {
            "p(90)": 2.8224000000000005,
            "p(95)": 3.7061999999999995,
            "avg": 13.50753381108479,
            "min": 0.055,
            "med": 1.061,
            "max": 751.991
        },
        "http_reqs": {
            "count": 13117,
            "rate": 327.71052984374376
        }
    }
}