{
    "root_group": {
        "name": "",
        "path": "",
        "id": "d41d8cd98f00b204e9800998ecf8427e",
        "groups": {},
        "checks": {
                "status 200": {
                    "name": "status 200",
                    "path": "::status 200",
                    "id": "fad9fa412b86fcb03bee97c80dcd61f1",
                    "passes": 12971,
                    "fails": 0
                }
            }
    },
    "metrics": {
        "vus_max": {
            "min": 50,
            "max": 50,
            "value": 50
        },
        "http_req_duration": {
            "p(95)": 4.103,
            "avg": 15.031168838177416,
            "min": 0.054,
            "med": 0.877,
            "max": 1078.333,
            "p(90)": 2.846
        },
        "http_req_receiving": {
            "min": 0.003,
            "med": 0.021,
            "max": 27.974,
            "p(90)": 0.064,
            "p(95)": 0.13449999999999943,
            "avg": 0.06404764474597076
        },
        "http_req_blocked": {
            "p(95)": 0.013,
            "avg": 0.01077172153264983,
            "min": 0,
            "med": 0.004,
            "max": 4.103,
            "p(90)": 0.009
        },
        "checks": {
            "passes": 12971,
            "fails": 0,
            "value": 1
        },
        "http_reqs": {
            "count": 12971,
            "rate": 321.1398719996038
        },
        "iteration_duration": {
            "p(95)": 106.77372899999999,
            "avg": 116.37954920923562,
            "min": 100.093583,
            "med": 102.186209,
            "max": 1179.20425,
            "p(90)": 105.166583
        },
        "data_sent": {
            "count": 1154419,
            "rate": 28581.448607964743
        },
        "http_req_duration{expected_response:true}": {
            "p(90)": 2.846,
            "p(95)": 4.103,
            "avg": 15.031168838177416,
            "min": 0.054,
            "med": 0.877,
            "max": 1078.333
        },
        "http_req_waiting": {
            "p(95)": 3.798,
            "avg": 14.909096445917777,
            "min": 0.042,
            "med": 0.784,
            "max": 1078.31,
            "p(90)": 2.637
        },
        "http_req_tls_handshaking": {
            "avg": 0,
            "min": 0,
            "med": 0,
            "max": 0,
            "p(90)": 0,
            "p(95)": 0
        },
        "vus": {
            "value": 2,
            "min": 2,
            "max": 50
        },
        "http_req_sending": {
            "med": 0.01,
            "max": 24.89,
            "p(90)": 0.075,
            "p(95)": 0.25449999999999945,
            "avg": 0.05802474751368354,
            "min": 0.001
        },
        "data_received": {
            "count": 3255721,
            "rate": 80606.10787190056
        },
        "iterations": {
            "count": 12971,
            "rate": 321.1398719996038
        },
        "http_req_failed": {
            "fails": 12971,
            "passes": 0,
            "value": 0
        },
        "http_req_connecting": {
            "p(95)": 0,
            "avg": 0.001494564798396423,
            "min": 0,
            "med": 0,
            "max": 0.66,
            "p(90)": 0
        }
    }
}