{
    "metrics": {
        "data_sent": {
            "rate": 195493.691056166,
            "count": 5865901
        },
        "http_req_failed": {
            "passes": 0,
            "fails": 65909,
            "value": 0
        },
        "http_req_duration": {
            "avg": 15.109720660304601,
            "min": 0.048,
            "med": 0.669,
            "max": 782.289,
            "p(90)": 3.7452000000000014,
            "p(95)": 6.144
        },
        "http_req_receiving": {
            "max": 22.171,
            "p(90)": 0.057,
            "p(95)": 0.143,
            "avg": 0.06055566007677176,
            "min": 0.003,
            "med": 0.015
        },
        "http_reqs": {
            "count": 65909,
            "rate": 2196.558326473775
        },
        "http_req_blocked": {
            "avg": 0.00807675734725004,
            "min": 0,
            "med": 0.003,
            "max": 5.126,
            "p(90)": 0.007,
            "p(95)": 0.008
        },
        "vus_max": {
            "value": 500,
            "min": 500,
            "max": 500
        },
        "vus": {
            "value": 1,
            "min": 1,
            "max": 500
        },
        "checks": {
            "passes": 65909,
            "fails": 0,
            "value": 1
        },
        "http_req_duration{expected_response:true}": {
            "med": 0.669,
            "max": 782.289,
            "p(90)": 3.7452000000000014,
            "p(95)": 6.144,
            "avg": 15.109720660304601,
            "min": 0.048
        },
        "data_received": {
            "count": 16543159,
            "rate": 551336.1399449176
        },
        "http_req_waiting": {
            "med": 0.581,
            "max": 782.255,
            "p(90)": 3.3172000000000015,
            "p(95)": 5.212799999999992,
            "avg": 14.94469506440711,
            "min": 0.039
        },
        "http_req_sending": {
            "max": 23.123,
            "p(90)": 0.142,
            "p(95)": 0.46459999999999707,
            "avg": 0.10446993582059819,
            "min": 0.001,
            "med": 0.008
        },
        "http_req_connecting": {
            "avg": 0.003154409868151543,
            "min": 0,
            "med": 0,
            "max": 3.926,
            "p(90)": 0,
            "p(95)": 0
        },
        "http_req_tls_handshaking": {
            "avg": 0,
            "min": 0,
            "med": 0,
            "max": 0,
            "p(90)": 0,
            "p(95)": 0
        },
        "iterations": {
            "count": 65909,
            "rate": 2196.558326473775
        },
        "iteration_duration": {
            "p(95)": 109.879466,
            "avg": 116.16888273569738,
            "min": 100.077916,
            "med": 101.576709,
            "max": 883.317916,
            "p(90)": 106.20439160000001
        }
    },
    "root_group": {
        "checks": {
            "status 200": {
                "fails": 0,
                "name": "status 200",
                "path": "::status 200",
                "id": "fad9fa412b86fcb03bee97c80dcd61f1",
                "passes": 65909
            }
        },
        "name": "",
        "path": "",
        "id": "d41d8cd98f00b204e9800998ecf8427e",
        "groups": {}
    }
}