{
    "metrics": {
        "http_req_duration{expected_response:true}": {
            "max": 936.976,
            "p(90)": 6.166800000000001,
            "p(95)": 8.994349999999999,
            "avg": 16.783137680309533,
            "min": 0.078,
            "med": 1.433
        },
        "http_req_waiting": {
            "avg": 16.712609768969248,
            "min": 0.07,
            "med": 1.373,
            "max": 936.955,
            "p(90)": 6.088700000000001,
            "p(95)": 8.912399999999996
        },
        "checks": {
            "fails": 0,
            "passes": 17054,
            "value": 1
        },
        "iterations": {
            "count": 17054,
            "rate": 337.36474377005277
        },
        "data_sent": {
            "count": 1584691,
            "rate": 31348.5911322686
        },
        "http_req_duration": {
            "avg": 16.783137680309533,
            "min": 0.078,
            "med": 1.433,
            "max": 936.976,
            "p(90)": 6.166800000000001,
            "p(95)": 8.994349999999999
        },
        "http_reqs": {
            "rate": 337.36474377005277,
            "count": 17054
        },
        "http_req_connecting": {
            "med": 0,
            "max": 1.051,
            "p(90)": 0,
            "p(95)": 0,
            "avg": 0.0012455142488565735,
            "min": 0
        },
        "http_req_failed": {
            "passes": 0,
            "fails": 17054,
            "value": 0
        },
        "vus": {
            "value": 2,
            "min": 2,
            "max": 50
        },
        "http_req_sending": {
            "min": 0.001,
            "med": 0.009,
            "max": 6.769,
            "p(90)": 0.032,
            "p(95)": 0.079,
            "avg": 0.02559270552362917
        },
        "iteration_duration": {
            "med": 101.9447495,
            "max": 1037.73825,
            "p(90)": 106.6927208,
            "p(95)": 109.77980810000001,
            "avg": 117.89283653201562,
            "min": 100.120417
        },
        "http_req_blocked": {
            "med": 0.004,
            "max": 2.195,
            "p(90)": 0.009,
            "p(95)": 0.012,
            "avg": 0.007659610648528415,
            "min": 0
        },
        "data_received": {
            "rate": 356951.4436704635,
            "count": 18044120
        },
        "http_req_tls_handshaking": {
            "max": 0,
            "p(90)": 0,
            "p(95)": 0,
            "avg": 0,
            "min": 0,
            "med": 0
        },
        "vus_max": {
            "value": 50,
            "min": 50,
            "max": 50
        },
        "http_req_receiving": {
            "avg": 0.04493520581681622,
            "min": 0.004,
            "med": 0.026,
            "max": 45.688,
            "p(90)": 0.053,
            "p(95)": 0.08
        }
    },
    "root_group": {
        "name": "",
        "path": "",
        "id": "d41d8cd98f00b204e9800998ecf8427e",
        "groups": {},
        "checks": {
                "status 200": {
                    "name": "status 200",
                    "path": "::status 200",
                    "id": "fad9fa412b86fcb03bee97c80dcd61f1",
                    "passes": 17054,
                    "fails": 0
                }
            }
    }
}