{
    "metrics": {
        "data_sent": {
            "count": 1139378,
            "rate": 28448.890309557566
        },
        "http_req_tls_handshaking": {
            "avg": 0,
            "min": 0,
            "med": 0,
            "max": 0,
            "p(90)": 0,
            "p(95)": 0
        },
        "http_req_receiving": {
            "avg": 0.0366155288236195,
            "min": 0.004,
            "med": 0.026,
            "max": 3.516,
            "p(90)": 0.055,
            "p(95)": 0.085
        },
        "http_req_duration{expected_response:true}": {
            "med": 1.4115,
            "max": 906.481,
            "p(90)": 5.478600000000001,
            "p(95)": 7.540399999999994,
            "avg": 17.399261834088406,
            "min": 0.075
        },
        "http_req_failed": {
            "passes": 0,
            "fails": 12802,
            "value": 0
        },
        "iteration_duration": {
            "avg": 117.9349452790971,
            "min": 100.109542,
            "med": 102.0841875,
            "max": 1007.557208,
            "p(90)": 105.9901539,
            "p(95)": 108.15960975
        },
        "http_req_waiting": {
            "avg": 17.334191766911456,
            "min": 0.066,
            "med": 1.34,
            "max": 906.469,
            "p(90)": 5.362900000000001,
            "p(95)": 7.405599999999995
        },
        "iterations": {
            "count": 12802,
            "rate": 319.65045291637716
        },
        "vus_max": {
            "max": 50,
            "value": 50,
            "min": 50
        },
        "vus": {
            "value": 1,
            "min": 1,
            "max": 50
        },
        "http_req_blocked": {
            "avg": 0.008471488829870654,
            "min": 0,
            "med": 0.004,
            "max": 4.877,
            "p(90)": 0.009,
            "p(95)": 0.012
        },
        "http_reqs": {
            "count": 12802,
            "rate": 319.65045291637716
        },
        "checks": {
            "passes": 12802,
            "fails": 0,
            "value": 1
        },
        "http_req_sending": {
            "avg": 0.028454538353380732,
            "min": 0.001,
            "med": 0.01,
            "max": 6.075,
            "p(90)": 0.036,
            "p(95)": 0.096
        },
        "data_received": {
            "count": 10459234,
            "rate": 261154.42003268015
        },
        "http_req_duration": {
            "avg": 17.399261834088406,
            "min": 0.075,
            "med": 1.4115,
            "max": 906.481,
            "p(90)": 5.478600000000001,
            "p(95)": 7.540399999999994
        },
        "http_req_connecting": {
            "max": 2.455,
            "p(90)": 0,
            "p(95)": 0,
            "avg": 0.0019482112169973442,
            "min": 0,
            "med": 0
        }
    },
    "root_group": {
        "name": "",
        "path": "",
        "id": "d41d8cd98f00b204e9800998ecf8427e",
        "groups": {},
        "checks": {
                "status 200": {
                    "passes": 12802,
                    "fails": 0,
                    "name": "status 200",
                    "path": "::status 200",
                    "id": "fad9fa412b86fcb03bee97c80dcd61f1"
                }
            }
    }
}