{
    "root_group": {
        "name": "",
        "path": "",
        "id": "d41d8cd98f00b204e9800998ecf8427e",
        "groups": {},
        "checks": {
                "status 200": {
                    "name": "status 200",
                    "path": "::status 200",
                    "id": "fad9fa412b86fcb03bee97c80dcd61f1",
                    "passes": 12822,
                    "fails": 0
                }
            }
    },
    "metrics": {
        "vus": {
            "value": 1,
            "min": 1,
            "max": 50
        },
        "http_req_failed": {
            "passes": 0,
            "fails": 12822,
            "value": 0
        },
        "http_reqs": {
            "count": 12822,
            "rate": 320.25258942651436
        },
        "http_req_tls_handshaking": {
            "max": 0,
            "p(90)": 0,
            "p(95)": 0,
            "avg": 0,
            "min": 0,
            "med": 0
        },
        "vus_max": {
            "max": 50,
            "value": 50,
            "min": 50
        },
        "data_sent": {
            "count": 1307844,
            "rate": 32665.764121504464
        },
        "http_req_duration{expected_response:true}": {
            "min": 0.133,
            "med": 1.8915,
            "max": 815.965,
            "p(90)": 6.7579,
            "p(95)": 9.317599999999995,
            "avg": 17.305866557479256
        },
        "http_req_connecting": {
            "avg": 0.0020421931055997493,
            "min": 0,
            "med": 0,
            "max": 2.176,
            "p(90)": 0,
            "p(95)": 0
        },
        "data_received": {
            "count": 15937746,
            "rate": 398073.9686571573
        },
        "http_req_duration": {
            "med": 1.8915,
            "max": 815.965,
            "p(90)": 6.7579,
            "p(95)": 9.317599999999995,
            "avg": 17.305866557479256,
            "min": 0.133
        },
        "http_req_blocked": {
            "p(95)": 0.012,
            "avg": 0.0076652628295121065,
            "min": 0,
            "med": 0.004,
            "max": 2.479,
            "p(90)": 0.009
        },
        "iterations": {
            "rate": 320.25258942651436,
            "count": 12822
        },
        "checks": {
            "passes": 12822,
            "fails": 0,
            "value": 1
        },
        "http_req_receiving": {
            "max": 1.344,
            "p(90)": 0.055,
            "p(95)": 0.078,
            "avg": 0.03209132740601994,
            "min": 0.004,
            "med": 0.028
        },
        "http_req_sending": {
            "max": 4.52,
            "p(90)": 0.03,
            "p(95)": 0.05594999999999943,
            "avg": 0.019851037279674043,
            "min": 0.001,
            "med": 0.009
        },
        "http_req_waiting": {
            "max": 815.916,
            "p(90)": 6.705,
            "p(95)": 9.240899999999998,
            "avg": 17.25392419279362,
            "min": 0.124,
            "med": 1.827
        },
        "iteration_duration": {
            "avg": 117.68153236390506,
            "min": 100.171083,
            "med": 102.36310399999999,
            "max": 916.351791,
            "p(90)": 107.1105875,
            "p(95)": 109.77190385
        }
    }
}