{
    "root_group": {
        "path": "",
        "id": "d41d8cd98f00b204e9800998ecf8427e",
        "groups": {},
        "checks": {
                "status 200": {
                    "name": "status 200",
                    "path": "::status 200",
                    "id": "fad9fa412b86fcb03bee97c80dcd61f1",
                    "passes": 65413,
                    "fails": 0
                }
            },
        "name": ""
    },
    "metrics": {
        "checks": {
            "fails": 0,
            "passes": 65413,
            "value": 1
        },
        "data_received": {
            "count": 73197147,
            "rate": 2436801.4708734113
        },
        "iterations": {
            "count": 65413,
            "rate": 2177.659938224675
        },
        "http_req_connecting": {
            "avg": 0.0019319859966673298,
            "min": 0,
            "med": 0,
            "max": 0.795,
            "p(90)": 0,
            "p(95)": 0
        },
        "http_req_duration": {
            "avg": 16.075446791921973,
            "min": 0.072,
            "med": 0.488,
            "max": 872.433,
            "p(90)": 5.376800000000001,
            "p(95)": 11.212399999999983
        },
        "http_req_sending": {
            "med": 0.004,
            "max": 14.266,
            "p(90)": 0.017,
            "p(95)": 0.04,
            "avg": 0.021446210997806102,
            "min": 0.001
        },
        "data_sent": {
            "count": 5756344,
            "rate": 191634.0745637714
        },
        "http_req_blocked": {
            "p(90)": 0.004,
            "p(95)": 0.005,
            "avg": 0.004908779600383322,
            "min": 0,
            "med": 0.002,
            "max": 2.374
        },
        "vus_max": {
            "max": 500,
            "value": 500,
            "min": 500
        },
        "http_reqs": {
            "count": 65413,
            "rate": 2177.659938224675
        },
        "http_req_tls_handshaking": {
            "avg": 0,
            "min": 0,
            "med": 0,
            "max": 0,
            "p(90)": 0,
            "p(95)": 0
        },
        "http_req_receiving": {
            "med": 0.008,
            "max": 15.008,
            "p(90)": 0.029,
            "p(95)": 0.043,
            "avg": 0.024011526760747255,
            "min": 0.003
        },
        "http_req_duration{expected_response:true}": {
            "p(90)": 5.376800000000001,
            "p(95)": 11.212399999999983,
            "avg": 16.075446791921973,
            "min": 0.072,
            "med": 0.488,
            "max": 872.433
        },
        "http_req_failed": {
            "passes": 0,
            "fails": 65413,
            "value": 0
        },
        "http_req_waiting": {
            "avg": 16.0299890541635,
            "min": 0.063,
            "med": 0.463,
            "max": 872.416,
            "p(90)": 5.290400000000004,
            "p(95)": 10.420399999999997
        },
        "iteration_duration": {
            "min": 100.109709,
            "med": 100.806083,
            "max": 977.752292,
            "p(90)": 106.5285756,
            "p(95)": 116.8982167999999,
            "avg": 116.6037023474076
        },
        "vus": {
            "value": 1,
            "min": 1,
            "max": 500
        }
    }
}