{
    "metrics": {
        "iterations": {
            "count": 85394,
            "rate": 1065.8979679237034
        },
        "vus_max": {
            "value": 200,
            "min": 200,
            "max": 200
        },
        "vus": {
            "value": 16,
            "min": 10,
            "max": 200
        },
        "http_req_failed": {
            "passes": 0,
            "fails": 85394,
            "value": 0
        },
        "data_sent": {
            "count": 7600066,
            "rate": 94864.9191452096
        },
        "http_req_tls_handshaking": {
            "avg": 0,
            "min": 0,
            "med": 0,
            "max": 0,
            "p(90)": 0,
            "p(95)": 0
        },
        "http_req_duration": {
            "med": 1.161,
            "max": 860.134,
            "p(90)": 6.486700000000002,
            "p(95)": 9.372699999999993,
            "avg": 16.849006323629265,
            "min": 0.072
        },
        "iteration_duration": {
            "avg": 117.36250779580516,
            "min": 100.105375,
            "med": 101.693187,
            "max": 960.75375,
            "p(90)": 107.3015293,
            "p(95)": 110.64997545
        },
        "checks": {
            "passes": 85394,
            "fails": 0,
            "value": 1
        },
        "http_req_sending": {
            "p(95)": 0.085,
            "avg": 0.02654979272548496,
            "min": 0.001,
            "med": 0.008,
            "max": 11.228,
            "p(90)": 0.029
        },
        "http_req_receiving": {
            "max": 6.24,
            "p(90)": 0.041,
            "p(95)": 0.064,
            "avg": 0.02850512916598704,
            "min": 0.003,
            "med": 0.021
        },
        "http_req_duration{expected_response:true}": {
            "p(90)": 6.486700000000002,
            "p(95)": 9.372699999999993,
            "avg": 16.849006323629265,
            "min": 0.072,
            "med": 1.161,
            "max": 860.134
        },
        "http_req_waiting": {
            "min": 0.064,
            "med": 1.108,
            "max": 860.108,
            "p(90)": 6.390700000000002,
            "p(95)": 9.267,
            "avg": 16.793951401737935
        },
        "http_reqs": {
            "count": 85394,
            "rate": 1065.8979679237034
        },
        "http_req_blocked": {
            "avg": 0.006240391596597174,
            "min": 0,
            "med": 0.004,
            "max": 9.775,
            "p(90)": 0.006,
            "p(95)": 0.008
        },
        "http_req_connecting": {
            "max": 7.1,
            "p(90)": 0,
            "p(95)": 0,
            "avg": 0.001061468018830363,
            "min": 0,
            "med": 0
        },
        "data_received": {
            "count": 69766898,
            "rate": 870838.6397936656
        }
    },
    "root_group": {
        "name": "",
        "path": "",
        "id": "d41d8cd98f00b204e9800998ecf8427e",
        "groups": {},
        "checks": {
                "status 200": {
                    "name": "status 200",
                    "path": "::status 200",
                    "id": "fad9fa412b86fcb03bee97c80dcd61f1",
                    "passes": 85394,
                    "fails": 0
                }
            }
    }
}