{
    "metrics": {
        "http_req_waiting": {
            "avg": 17.12384266907568,
            "min": 0.074,
            "med": 1.1535,
            "max": 988.297,
            "p(90)": 6.825600000000004,
            "p(95)": 9.933
        },
        "data_received": {
            "count": 95370132,
            "rate": 1191081.327250172
        },
        "http_req_sending": {
            "min": 0.001,
            "med": 0.008,
            "max": 23.781,
            "p(90)": 0.026,
            "p(95)": 0.073,
            "avg": 0.024898308067770162
        },
        "http_req_receiving": {
            "avg": 0.025963744309390933,
            "min": 0.003,
            "med": 0.019,
            "max": 15.713,
            "p(90)": 0.04,
            "p(95)": 0.058
        },
        "http_req_connecting": {
            "avg": 0.0010644975829539592,
            "min": 0,
            "med": 0,
            "max": 2.417,
            "p(90)": 0,
            "p(95)": 0
        },
        "http_reqs": {
            "count": 85228,
            "rate": 1064.4158420466238
        },
        "vus": {
            "value": 1,
            "min": 1,
            "max": 200
        },
        "http_req_blocked": {
            "p(90)": 0.006,
            "p(95)": 0.008,
            "avg": 0.005692718355466907,
            "min": 0,
            "med": 0.003,
            "max": 5.353
        },
        "http_req_tls_handshaking": {
            "p(95)": 0,
            "avg": 0,
            "min": 0,
            "med": 0,
            "max": 0,
            "p(90)": 0
        },
        "http_req_failed": {
            "passes": 0,
            "fails": 85228,
            "value": 0
        },
        "data_sent": {
            "count": 7500064,
            "rate": 93668.5941001029
        },
        "iteration_duration": {
            "max": 1088.580958,
            "p(90)": 107.550833,
            "p(95)": 110.91292059999999,
            "avg": 117.63539779671014,
            "min": 100.1095,
            "med": 101.770854
        },
        "checks": {
            "passes": 85228,
            "fails": 0,
            "value": 1
        },
        "http_req_duration{expected_response:true}": {
            "p(95)": 10.053649999999998,
            "avg": 17.174704721453107,
            "min": 0.081,
            "med": 1.207,
            "max": 988.315,
            "p(90)": 6.909300000000002
        },
        "http_req_duration": {
            "max": 988.315,
            "p(90)": 6.909300000000002,
            "p(95)": 10.053649999999998,
            "avg": 17.174704721453107,
            "min": 0.081,
            "med": 1.207
        },
        "iterations": {
            "count": 85228,
            "rate": 1064.4158420466238
        },
        "vus_max": {
            "value": 200,
            "min": 200,
            "max": 200
        }
    },
    "root_group": {
        "id": "d41d8cd98f00b204e9800998ecf8427e",
        "groups": {},
        "checks": {
                "status 200": {
                    "name": "status 200",
                    "path": "::status 200",
                    "id": "fad9fa412b86fcb03bee97c80dcd61f1",
                    "passes": 85228,
                    "fails": 0
                }
            },
        "name": "",
        "path": ""
    }
}