{
    "root_group": {
        "name": "",
        "path": "",
        "id": "d41d8cd98f00b204e9800998ecf8427e",
        "groups": {},
        "checks": {
                "status 200": {
                    "name": "status 200",
                    "path": "::status 200",
                    "id": "fad9fa412b86fcb03bee97c80dcd61f1",
                    "passes": 16818,
                    "fails": 0
                }
            }
    },
    "metrics": {
        "http_req_duration{expected_response:true}": {
            "max": 930.522,
            "p(90)": 7.191200000000002,
            "p(95)": 9.313599999999997,
            "avg": 18.313460815792634,
            "min": 0.259,
            "med": 2.427
        },
        "http_req_failed": {
            "passes": 0,
            "fails": 16818,
            "value": 0
        },
        "http_req_receiving": {
            "avg": 0.06832179807349081,
            "min": 0.004,
            "med": 0.022,
            "max": 15.398,
            "p(90)": 0.088,
            "p(95)": 0.173
        },
        "iteration_duration": {
            "med": 103.463104,
            "max": 1031.151625,
            "p(90)": 108.7848124,
            "p(95)": 111.76220179999999,
            "avg": 119.43392474860265,
            "min": 100.333542
        },
        "iterations": {
            "count": 16818,
            "rate": 336.0948211860842
        },
        "http_req_blocked": {
            "p(90)": 0.007,
            "p(95)": 0.01,
            "avg": 0.01405934118206605,
            "min": 0,
            "med": 0.003,
            "max": 7.264
        },
        "http_req_tls_handshaking": {
            "med": 0,
            "max": 0,
            "p(90)": 0,
            "p(95)": 0,
            "avg": 0,
            "min": 0
        },
        "http_req_duration": {
            "max": 930.522,
            "p(90)": 7.191200000000002,
            "p(95)": 9.313599999999997,
            "avg": 18.313460815792634,
            "min": 0.259,
            "med": 2.427
        },
        "http_req_sending": {
            "avg": 0.026202877868948076,
            "min": 0.001,
            "med": 0.008,
            "max": 9.485,
            "p(90)": 0.025,
            "p(95)": 0.061149999999999254
        },
        "vus_max": {
            "value": 50,
            "min": 50,
            "max": 50
        },
        "http_reqs": {
            "count": 16818,
            "rate": 336.0948211860842
        },
        "data_received": {
            "count": 18855260,
            "rate": 376807.8985680298
        },
        "vus": {
            "max": 50,
            "value": 1,
            "min": 1
        },
        "http_req_waiting": {
            "p(95)": 9.09815,
            "avg": 18.218936139850108,
            "min": 0.24,
            "med": 2.342,
            "max": 930.512,
            "p(90)": 6.977800000000002
        },
        "data_sent": {
            "count": 1565215,
            "rate": 31279.62037952056
        },
        "http_req_connecting": {
            "avg": 0.00794898323225116,
            "min": 0,
            "med": 0,
            "max": 7.207,
            "p(90)": 0,
            "p(95)": 0
        },
        "checks": {
            "fails": 0,
            "passes": 16818,
            "value": 1
        }
    }
}