{
    "root_group": {
        "name": "",
        "path": "",
        "id": "d41d8cd98f00b204e9800998ecf8427e",
        "groups": {},
        "checks": {
                "status 200": {
                    "name": "status 200",
                    "path": "::status 200",
                    "id": "fad9fa412b86fcb03bee97c80dcd61f1",
                    "passes": 57436,
                    "fails": 0
                }
            }
    },
    "metrics": {
        "checks": {
            "passes": 57436,
            "fails": 0,
            "value": 1
        },
        "http_req_duration{expected_response:true}": {
            "p(90)": 37.47200000000003,
            "p(95)": 125.83249999999964,
            "avg": 32.89461189846111,
            "min": 0.227,
            "med": 1.157,
            "max": 1367.577
        },
        "http_req_connecting": {
            "min": 0,
            "med": 0,
            "max": 38.666,
            "p(90)": 0,
            "p(95)": 0,
            "avg": 0.006822985583954326
        },
        "iteration_duration": {
            "avg": 134.01508022733134,
            "min": 100.269792,
            "med": 101.760458,
            "max": 1468.760666,
            "p(90)": 142.398375,
            "p(95)": 228.98819799999998
        },
        "http_req_waiting": {
            "p(90)": 37.21450000000001,
            "p(95)": 125.68375,
            "avg": 32.793424315760184,
            "min": 0.212,
            "med": 1.107,
            "max": 1367.547
        },
        "http_req_failed": {
            "passes": 0,
            "fails": 57436,
            "value": 0
        },
        "vus_max": {
            "value": 500,
            "min": 500,
            "max": 500
        },
        "http_req_receiving": {
            "avg": 0.07098694198760334,
            "min": 0.004,
            "med": 0.016,
            "max": 117.445,
            "p(90)": 0.075,
            "p(95)": 0.133
        },
        "http_req_tls_handshaking": {
            "avg": 0,
            "min": 0,
            "med": 0,
            "max": 0,
            "p(90)": 0,
            "p(95)": 0
        },
        "data_received": {
            "count": 67838262,
            "rate": 2255289.78573234
        },
        "http_req_duration": {
            "max": 1367.577,
            "p(90)": 37.47200000000003,
            "p(95)": 125.83249999999964,
            "avg": 32.89461189846111,
            "min": 0.227,
            "med": 1.157
        },
        "vus": {
            "value": 1,
            "min": 1,
            "max": 500
        },
        "data_sent": {
            "count": 5054368,
            "rate": 168032.96823453993
        },
        "http_req_blocked": {
            "p(95)": 0.008,
            "avg": 0.015635002437486806,
            "min": 0,
            "med": 0.002,
            "max": 42.421,
            "p(90)": 0.005
        },
        "http_req_sending": {
            "avg": 0.030200640713137723,
            "min": 0.001,
            "med": 0.005,
            "max": 98.474,
            "p(90)": 0.021,
            "p(95)": 0.046
        },
        "iterations": {
            "count": 57436,
            "rate": 1909.465548119772
        },
        "http_reqs": {
            "count": 57436,
            "rate": 1909.465548119772
        }
    }
}