{
    "root_group": {
        "name": "",
        "path": "",
        "id": "d41d8cd98f00b204e9800998ecf8427e",
        "groups": {},
        "checks": {
                "status 200": {
                    "name": "status 200",
                    "path": "::status 200",
                    "id": "fad9fa412b86fcb03bee97c80dcd61f1",
                    "passes": 84244,
                    "fails": 0
                }
            }
    },
    "metrics": {
        "iterations": {
            "count": 84244,
            "rate": 1051.700970019494
        },
        "http_req_duration": {
            "avg": 17.96559020226955,
            "min": 0.255,
            "med": 1.985,
            "max": 1028.07,
            "p(90)": 6.790700000000002,
            "p(95)": 9.967
        },
        "checks": {
            "passes": 84244,
            "fails": 0,
            "value": 1
        },
        "data_sent": {
            "rate": 107273.49894198838,
            "count": 8592888
        },
        "http_req_sending": {
            "min": 0.001,
            "med": 0.005,
            "max": 19.348,
            "p(90)": 0.023,
            "p(95)": 0.064,
            "avg": 0.022620910687994458
        },
        "vus_max": {
            "value": 200,
            "min": 200,
            "max": 200
        },
        "http_req_receiving": {
            "p(95)": 0.122,
            "avg": 0.04919377047623304,
            "min": 0.004,
            "med": 0.014,
            "max": 12.026,
            "p(90)": 0.064
        },
        "data_received": {
            "count": 109194189,
            "rate": 1363178.796018612
        },
        "iteration_duration": {
            "avg": 118.95877086325528,
            "min": 100.287791,
            "med": 102.81774999999999,
            "max": 1129.044209,
            "p(90)": 108.5483625,
            "p(95)": 112.62523575
        },
        "http_req_blocked": {
            "med": 0.002,
            "max": 14.019,
            "p(90)": 0.005,
            "p(95)": 0.007,
            "avg": 0.00986438203313292,
            "min": 0
        },
        "http_req_tls_handshaking": {
            "avg": 0,
            "min": 0,
            "med": 0,
            "max": 0,
            "p(90)": 0,
            "p(95)": 0
        },
        "vus": {
            "value": 3,
            "min": 3,
            "max": 200
        },
        "http_reqs": {
            "count": 84244,
            "rate": 1051.700970019494
        },
        "http_req_duration{expected_response:true}": {
            "med": 1.985,
            "max": 1028.07,
            "p(90)": 6.790700000000002,
            "p(95)": 9.967,
            "avg": 17.96559020226955,
            "min": 0.255
        },
        "http_req_connecting": {
            "p(95)": 0,
            "avg": 0.005508178623996955,
            "min": 0,
            "med": 0,
            "max": 13.909,
            "p(90)": 0
        },
        "http_req_waiting": {
            "avg": 17.89377552110503,
            "min": 0.234,
            "med": 1.927,
            "max": 1028.052,
            "p(90)": 6.640700000000002,
            "p(95)": 9.804849999999997
        },
        "http_req_failed": {
            "passes": 0,
            "fails": 84244,
            "value": 0
        }
    }
}