{
    "metrics": {
        "vus_max": {
            "value": 500,
            "min": 500,
            "max": 500
        },
        "http_req_duration{expected_response:true}": {
            "min": 0.241,
            "med": 0.974,
            "max": 913.471,
            "p(90)": 4.436600000000001,
            "p(95)": 10.253599999999965,
            "avg": 17.28929505591944
        },
        "http_req_blocked": {
            "med": 0.001,
            "max": 27.3,
            "p(90)": 0.003,
            "p(95)": 0.005,
            "avg": 0.0072392749710743515,
            "min": 0
        },
        "data_received": {
            "count": 84021161,
            "rate": 2794937.1753242323
        },
        "vus": {
            "value": 1,
            "min": 1,
            "max": 500
        },
        "http_req_tls_handshaking": {
            "p(90)": 0,
            "p(95)": 0,
            "avg": 0,
            "min": 0,
            "med": 0,
            "max": 0
        },
        "http_req_connecting": {
            "avg": 0.0040707134593135335,
            "min": 0,
            "med": 0,
            "max": 5.507,
            "p(90)": 0,
            "p(95)": 0
        },
        "http_reqs": {
            "count": 64825,
            "rate": 2156.382990118327
        },
        "checks": {
            "passes": 64825,
            "fails": 0,
            "value": 1
        },
        "iterations": {
            "count": 64825,
            "rate": 2156.382990118327
        },
        "http_req_duration": {
            "min": 0.241,
            "med": 0.974,
            "max": 913.471,
            "p(90)": 4.436600000000001,
            "p(95)": 10.253599999999965,
            "avg": 17.28929505591944
        },
        "http_req_waiting": {
            "avg": 17.212818974161234,
            "min": 0.216,
            "med": 0.937,
            "max": 913.462,
            "p(90)": 4.291,
            "p(95)": 9.301
        },
        "iteration_duration": {
            "avg": 117.88781630779923,
            "min": 100.282042,
            "med": 101.457625,
            "max": 1019.76425,
            "p(90)": 105.74018380000001,
            "p(95)": 112.526158
        },
        "data_sent": {
            "count": 6612150,
            "rate": 219951.06499206935
        },
        "http_req_sending": {
            "p(95)": 0.037,
            "avg": 0.02056041650597151,
            "min": 0.001,
            "med": 0.003,
            "max": 19.261,
            "p(90)": 0.014
        },
        "http_req_receiving": {
            "min": 0.003,
            "med": 0.013,
            "max": 37.115,
            "p(90)": 0.059,
            "p(95)": 0.101,
            "avg": 0.055915665252601277
        },
        "http_req_failed": {
            "passes": 0,
            "fails": 64825,
            "value": 0
        }
    },
    "root_group": {
        "checks": {
            "status 200": {
                "fails": 0,
                "name": "status 200",
                "path": "::status 200",
                "id": "fad9fa412b86fcb03bee97c80dcd61f1",
                "passes": 64825
            }
        },
        "name": "",
        "path": "",
        "id": "d41d8cd98f00b204e9800998ecf8427e",
        "groups": {}
    }
}