{
    "root_group": {
        "name": "",
        "path": "",
        "id": "d41d8cd98f00b204e9800998ecf8427e",
        "groups": {},
        "checks": {
                "status 200": {
                    "name": "status 200",
                    "path": "::status 200",
                    "id": "fad9fa412b86fcb03bee97c80dcd61f1",
                    "passes": 85428,
                    "fails": 0
                }
            }
    },
    "metrics": {
        "data_received": {
            "count": 75190757,
            "rate": 939248.6498670806
        },
        "vus_max": {
            "value": 200,
            "min": 200,
            "max": 200
        },
        "http_req_connecting": {
            "avg": 0.004416947605000707,
            "min": 0,
            "med": 0,
            "max": 4.439,
            "p(90)": 0,
            "p(95)": 0
        },
        "http_req_tls_handshaking": {
            "avg": 0,
            "min": 0,
            "med": 0,
            "max": 0,
            "p(90)": 0,
            "p(95)": 0
        },
        "http_req_blocked": {
            "p(90)": 0.004,
            "p(95)": 0.006,
            "avg": 0.007848550826420475,
            "min": 0,
            "med": 0.002,
            "max": 4.539
        },
        "http_req_failed": {
            "passes": 0,
            "fails": 85428,
            "value": 0
        },
        "http_req_duration{expected_response:true}": {
            "avg": 16.809376960715593,
            "min": 0.227,
            "med": 1.257,
            "max": 901.035,
            "p(90)": 4.143,
            "p(95)": 5.994299999999993
        },
        "http_req_receiving": {
            "p(90)": 0.074,
            "p(95)": 0.123,
            "avg": 0.04557360584351642,
            "min": 0.004,
            "med": 0.016,
            "max": 10.67
        },
        "iteration_duration": {
            "med": 101.810729,
            "max": 1002.530458,
            "p(90)": 105.0875,
            "p(95)": 107.11502499999999,
            "avg": 117.33847181722642,
            "min": 100.265375
        },
        "data_sent": {
            "count": 7603092,
            "rate": 94974.35829533146
        },
        "iterations": {
            "count": 85428,
            "rate": 1067.1276212958592
        },
        "http_req_duration": {
            "med": 1.257,
            "max": 901.035,
            "p(90)": 4.143,
            "p(95)": 5.994299999999993,
            "avg": 16.809376960715593,
            "min": 0.227
        },
        "http_req_waiting": {
            "avg": 16.74631901718381,
            "min": 0.205,
            "med": 1.203,
            "max": 901.023,
            "p(90)": 4.013,
            "p(95)": 5.827
        },
        "http_req_sending": {
            "med": 0.005,
            "max": 7.244,
            "p(90)": 0.022,
            "p(95)": 0.058,
            "avg": 0.017484337687876706,
            "min": 0.001
        },
        "http_reqs": {
            "count": 85428,
            "rate": 1067.1276212958592
        },
        "vus": {
            "min": 1,
            "max": 200,
            "value": 1
        },
        "checks": {
            "passes": 85428,
            "fails": 0,
            "value": 1
        }
    }
}