{
    "root_group": {
        "name": "",
        "path": "",
        "id": "d41d8cd98f00b204e9800998ecf8427e",
        "groups": {},
        "checks": {
                "status 200": {
                    "name": "status 200",
                    "path": "::status 200",
                    "id": "fad9fa412b86fcb03bee97c80dcd61f1",
                    "passes": 16451,
                    "fails": 0
                }
            }
    },
    "metrics": {
        "http_req_tls_handshaking": {
            "p(90)": 0,
            "p(95)": 0,
            "avg": 0,
            "min": 0,
            "med": 0,
            "max": 0
        },
        "http_req_failed": {
            "passes": 0,
            "fails": 16451,
            "value": 0
        },
        "http_reqs": {
            "rate": 327.7760309628105,
            "count": 16451
        },
        "http_req_duration": {
            "max": 902.955,
            "p(90)": 10.756,
            "p(95)": 13.166499999999997,
            "avg": 20.90048921038232,
            "min": 0.273,
            "med": 4.096
        },
        "data_sent": {
            "count": 1529725,
            "rate": 30478.827363964825
        },
        "vus": {
            "max": 50,
            "value": 4,
            "min": 4
        },
        "http_req_connecting": {
            "p(95)": 0,
            "avg": 0.0015608777581909916,
            "min": 0,
            "med": 0,
            "max": 2.881,
            "p(90)": 0
        },
        "http_req_sending": {
            "max": 12.682,
            "p(90)": 0.041,
            "p(95)": 0.14249999999999927,
            "avg": 0.039429821895324256,
            "min": 0.001,
            "med": 0.009
        },
        "data_received": {
            "count": 17511706,
            "rate": 348909.9439588861
        },
        "http_req_receiving": {
            "avg": 0.03755644033797243,
            "min": 0.004,
            "med": 0.02,
            "max": 5.059,
            "p(90)": 0.053,
            "p(95)": 0.084
        },
        "checks": {
            "fails": 0,
            "passes": 16451,
            "value": 1
        },
        "iterations": {
            "count": 16451,
            "rate": 327.7760309628105
        },
        "vus_max": {
            "value": 50,
            "min": 50,
            "max": 50
        },
        "http_req_waiting": {
            "avg": 20.823502948148985,
            "min": 0.262,
            "med": 4.03,
            "max": 902.931,
            "p(90)": 10.635,
            "p(95)": 12.96549999999999
        },
        "iteration_duration": {
            "avg": 122.22526250410355,
            "min": 100.340875,
            "med": 105.402209,
            "max": 1003.023292,
            "p(90)": 112.960416,
            "p(95)": 115.9219375
        },
        "http_req_duration{expected_response:true}": {
            "min": 0.273,
            "med": 4.096,
            "max": 902.955,
            "p(90)": 10.756,
            "p(95)": 13.166499999999997,
            "avg": 20.90048921038232
        },
        "http_req_blocked": {
            "med": 0.004,
            "max": 4.668,
            "p(90)": 0.009,
            "p(95)": 0.011,
            "avg": 0.007800680809677462,
            "min": 0
        }
    }
}