{
    "root_group": {
        "name": "",
        "path": "",
        "id": "d41d8cd98f00b204e9800998ecf8427e",
        "groups": {},
        "checks": {
                "status 200": {
                    "name": "status 200",
                    "path": "::status 200",
                    "id": "fad9fa412b86fcb03bee97c80dcd61f1",
                    "passes": 12290,
                    "fails": 0
                }
            }
    },
    "metrics": {
        "checks": {
            "passes": 12290,
            "fails": 0,
            "value": 1
        },
        "http_req_tls_handshaking": {
            "med": 0,
            "max": 0,
            "p(90)": 0,
            "p(95)": 0,
            "avg": 0,
            "min": 0
        },
        "http_req_waiting": {
            "avg": 21.37795744507731,
            "min": 0.264,
            "med": 4.922,
            "max": 894.527,
            "p(90)": 12.2454,
            "p(95)": 14.901549999999999
        },
        "data_sent": {
            "count": 1253580,
            "rate": 31258.78045124076
        },
        "data_received": {
            "count": 15276470,
            "rate": 380928.07942051237
        },
        "http_req_duration{expected_response:true}": {
            "avg": 21.44540252237605,
            "min": 0.275,
            "med": 4.986000000000001,
            "max": 894.544,
            "p(90)": 12.343300000000001,
            "p(95)": 15.003
        },
        "http_req_sending": {
            "min": 0.001,
            "med": 0.01,
            "max": 7.655,
            "p(90)": 0.041,
            "p(95)": 0.13354999999999947,
            "avg": 0.03520911310008013
        },
        "iterations": {
            "rate": 306.4586318749094,
            "count": 12290
        },
        "http_req_duration": {
            "min": 0.275,
            "med": 4.986000000000001,
            "max": 894.544,
            "p(90)": 12.343300000000001,
            "p(95)": 15.003,
            "avg": 21.44540252237605
        },
        "http_req_connecting": {
            "min": 0,
            "med": 0,
            "max": 1.402,
            "p(90)": 0,
            "p(95)": 0,
            "avg": 0.002077379983726607
        },
        "vus": {
            "value": 1,
            "min": 1,
            "max": 50
        },
        "vus_max": {
            "value": 50,
            "min": 50,
            "max": 50
        },
        "http_req_failed": {
            "fails": 12290,
            "passes": 0,
            "value": 0
        },
        "http_reqs": {
            "count": 12290,
            "rate": 306.4586318749094
        },
        "http_req_receiving": {
            "avg": 0.03223596419853483,
            "min": 0.004,
            "med": 0.02,
            "max": 2.959,
            "p(90)": 0.051,
            "p(95)": 0.076
        },
        "iteration_duration": {
            "avg": 122.79283058763242,
            "min": 100.330292,
            "med": 106.3381455,
            "max": 996.959542,
            "p(90)": 114.264675,
            "p(95)": 117.3551894
        },
        "http_req_blocked": {
            "avg": 0.009088608624898424,
            "min": 0,
            "med": 0.004,
            "max": 4.46,
            "p(90)": 0.009,
            "p(95)": 0.012
        }
    }
}