{
    "metrics": {
        "iteration_duration": {
            "med": 104.021459,
            "max": 2376.393458,
            "p(90)": 111.6087334,
            "p(95)": 121.1040125,
            "avg": 128.77479383834628,
            "min": 100.335459
        },
        "http_req_receiving": {
            "med": 0.018,
            "max": 9.497,
            "p(90)": 0.058,
            "p(95)": 0.09,
            "avg": 0.03585419684703807,
            "min": 0.004
        },
        "vus": {
            "value": 1,
            "min": 1,
            "max": 50
        },
        "vus_max": {
            "value": 50,
            "min": 50,
            "max": 50
        },
        "http_reqs": {
            "count": 11735,
            "rate": 292.94165872778547
        },
        "http_req_connecting": {
            "avg": 0.0022458457605453773,
            "min": 0,
            "med": 0,
            "max": 4.1,
            "p(90)": 0,
            "p(95)": 0
        },
        "http_req_failed": {
            "passes": 0,
            "fails": 11735,
            "value": 0
        },
        "data_sent": {
            "count": 1032680,
            "rate": 25778.86596804512
        },
        "iterations": {
            "count": 11735,
            "rate": 292.94165872778547
        },
        "http_req_waiting": {
            "min": 0.265,
            "med": 2.916,
            "max": 2274.95,
            "p(90)": 9.7748,
            "p(95)": 20.070199999999936,
            "avg": 27.67680545377064
        },
        "data_received": {
            "count": 13237080,
            "rate": 330438.191044942
        },
        "http_req_sending": {
            "med": 0.007,
            "max": 21.271,
            "p(90)": 0.028,
            "p(95)": 0.054,
            "avg": 0.02397869620792317,
            "min": 0.001
        },
        "http_req_tls_handshaking": {
            "p(90)": 0,
            "p(95)": 0,
            "avg": 0,
            "min": 0,
            "med": 0,
            "max": 0
        },
        "http_req_duration": {
            "med": 2.971,
            "max": 2275.023,
            "p(90)": 9.8686,
            "p(95)": 20.108499999999946,
            "avg": 27.73663834682576,
            "min": 0.277
        },
        "http_req_duration{expected_response:true}": {
            "med": 2.971,
            "max": 2275.023,
            "p(90)": 9.8686,
            "p(95)": 20.108499999999946,
            "avg": 27.73663834682576,
            "min": 0.277
        },
        "http_req_blocked": {
            "p(90)": 0.008,
            "p(95)": 0.011,
            "avg": 0.00839616531742649,
            "min": 0,
            "med": 0.003,
            "max": 6.236
        },
        "checks": {
            "passes": 11735,
            "fails": 0,
            "value": 1
        }
    },
    "root_group": {
        "path": "",
        "id": "d41d8cd98f00b204e9800998ecf8427e",
        "groups": {},
        "checks": {
                "status 200": {
                    "name": "status 200",
                    "path": "::status 200",
                    "id": "fad9fa412b86fcb03bee97c80dcd61f1",
                    "passes": 11735,
                    "fails": 0
                }
            },
        "name": ""
    }
}