{
    "metrics": {
        "data_received": {
            "count": 10016902,
            "rate": 249964.5399734067
        },
        "http_req_duration": {
            "med": 3.247,
            "max": 1152.603,
            "p(90)": 10.507400000000002,
            "p(95)": 16.518399999999993,
            "avg": 23.364648800197774,
            "min": 0.277
        },
        "http_req_blocked": {
            "p(95)": 0.013,
            "avg": 0.009375608147109821,
            "min": 0,
            "med": 0.004,
            "max": 8.701,
            "p(90)": 0.009
        },
        "http_req_failed": {
            "passes": 0,
            "fails": 12127,
            "value": 0
        },
        "http_reqs": {
            "count": 12127,
            "rate": 302.620508442381
        },
        "http_req_connecting": {
            "max": 1.827,
            "p(90)": 0,
            "p(95)": 0,
            "avg": 0.002072235507545148,
            "min": 0,
            "med": 0
        },
        "vus": {
            "value": 1,
            "min": 1,
            "max": 50
        },
        "http_req_receiving": {
            "p(95)": 0.091,
            "avg": 0.04021975756576149,
            "min": 0.004,
            "med": 0.021,
            "max": 6.641,
            "p(90)": 0.061
        },
        "vus_max": {
            "min": 50,
            "max": 50,
            "value": 50
        },
        "checks": {
            "passes": 12127,
            "fails": 0,
            "value": 1
        },
        "iterations": {
            "count": 12127,
            "rate": 302.620508442381
        },
        "http_req_waiting": {
            "min": 0.266,
            "med": 3.171,
            "max": 1152.436,
            "p(90)": 10.3838,
            "p(95)": 16.393099999999997,
            "avg": 23.292426486352834
        },
        "http_req_duration{expected_response:true}": {
            "med": 3.247,
            "max": 1152.603,
            "p(90)": 10.507400000000002,
            "p(95)": 16.518399999999993,
            "avg": 23.364648800197774,
            "min": 0.277
        },
        "http_req_sending": {
            "avg": 0.03200255627937522,
            "min": 0.002,
            "med": 0.009,
            "max": 25.779,
            "p(90)": 0.035,
            "p(95)": 0.08669999999999946
        },
        "http_req_tls_handshaking": {
            "avg": 0,
            "min": 0,
            "med": 0,
            "max": 0,
            "p(90)": 0,
            "p(95)": 0
        },
        "data_sent": {
            "count": 1079303,
            "rate": 26933.22525137191
        },
        "iteration_duration": {
            "avg": 124.43593994516391,
            "min": 100.343208,
            "med": 104.135833,
            "max": 1254.353333,
            "p(90)": 112.1918502,
            "p(95)": 118.67515429999997
        }
    },
    "root_group": {
        "name": "",
        "path": "",
        "id": "d41d8cd98f00b204e9800998ecf8427e",
        "groups": {},
        "checks": {
                "status 200": {
                    "name": "status 200",
                    "path": "::status 200",
                    "id": "fad9fa412b86fcb03bee97c80dcd61f1",
                    "passes": 12127,
                    "fails": 0
                }
            }
    }
}