{
    "metrics": {
        "http_req_failed": {
            "passes": 0,
            "fails": 83668,
            "value": 0
        },
        "http_req_connecting": {
            "p(90)": 0,
            "p(95)": 0,
            "avg": 0.0010116532007458043,
            "min": 0,
            "med": 0,
            "max": 1.457
        },
        "http_req_blocked": {
            "p(95)": 0.007,
            "avg": 0.004451833436914895,
            "min": 0,
            "med": 0.002,
            "max": 5.304,
            "p(90)": 0.005
        },
        "http_req_tls_handshaking": {
            "p(95)": 0,
            "avg": 0,
            "min": 0,
            "med": 0,
            "max": 0,
            "p(90)": 0
        },
        "http_req_waiting": {
            "min": 0.244,
            "med": 2.5095,
            "max": 896.473,
            "p(90)": 8.150600000000004,
            "p(95)": 11.243649999999997,
            "avg": 19.09484638093413
        },
        "iterations": {
            "count": 83668,
            "rate": 1044.9676293337905
        },
        "vus_max": {
            "value": 200,
            "min": 200,
            "max": 200
        },
        "http_req_sending": {
            "med": 0.005,
            "max": 12.827,
            "p(90)": 0.021,
            "p(95)": 0.058,
            "avg": 0.018496976143801684,
            "min": 0.001
        },
        "http_req_duration{expected_response:true}": {
            "avg": 19.137942020844086,
            "min": 0.253,
            "med": 2.543,
            "max": 896.523,
            "p(90)": 8.230300000000002,
            "p(95)": 11.355299999999993
        },
        "http_req_receiving": {
            "avg": 0.024598663766321565,
            "min": 0.004,
            "med": 0.012,
            "max": 10.625,
            "p(90)": 0.033,
            "p(95)": 0.047
        },
        "vus": {
            "min": 1,
            "max": 200,
            "value": 1
        },
        "iteration_duration": {
            "avg": 119.81379312658525,
            "min": 100.317625,
            "med": 103.2758125,
            "max": 997.191916,
            "p(90)": 109.34824210000001,
            "p(95)": 112.76022095
        },
        "checks": {
            "passes": 83668,
            "fails": 0,
            "value": 1
        },
        "data_received": {
            "count": 103999324,
            "rate": 1298894.7632619014
        },
        "http_req_duration": {
            "avg": 19.137942020844086,
            "min": 0.253,
            "med": 2.543,
            "max": 896.523,
            "p(90)": 8.230300000000002,
            "p(95)": 11.355299999999993
        },
        "data_sent": {
            "count": 8534136,
            "rate": 106586.69819204662
        },
        "http_reqs": {
            "count": 83668,
            "rate": 1044.9676293337905
        }
    },
    "root_group": {
        "name": "",
        "path": "",
        "id": "d41d8cd98f00b204e9800998ecf8427e",
        "groups": {},
        "checks": {
                "status 200": {
                    "id": "fad9fa412b86fcb03bee97c80dcd61f1",
                    "passes": 83668,
                    "fails": 0,
                    "name": "status 200",
                    "path": "::status 200"
                }
            }
    }
}