{
    "root_group": {
        "path": "",
        "id": "d41d8cd98f00b204e9800998ecf8427e",
        "groups": {},
        "checks": {
                "status 200": {
                    "id": "fad9fa412b86fcb03bee97c80dcd61f1",
                    "passes": 80926,
                    "fails": 0,
                    "name": "status 200",
                    "path": "::status 200"
                }
            },
        "name": ""
    },
    "metrics": {
        "http_req_duration": {
            "avg": 22.663734535254562,
            "min": 0.239,
            "med": 1.689,
            "max": 1892.906,
            "p(90)": 8.720000000000004,
            "p(95)": 22.100499999999936
        },
        "vus": {
            "min": 2,
            "max": 200,
            "value": 2
        },
        "iterations": {
            "count": 80926,
            "rate": 1011.181776686591
        },
        "vus_max": {
            "value": 200,
            "min": 200,
            "max": 200
        },
        "http_req_sending": {
            "avg": 0.026328954847639165,
            "min": 0.002,
            "med": 0.006,
            "max": 60.633,
            "p(90)": 0.022,
            "p(95)": 0.045
        },
        "http_req_waiting": {
            "avg": 22.609295195610816,
            "min": 0.228,
            "med": 1.655,
            "max": 1892.821,
            "p(90)": 8.640500000000003,
            "p(95)": 21.84049999999999
        },
        "http_req_tls_handshaking": {
            "max": 0,
            "p(90)": 0,
            "p(95)": 0,
            "avg": 0,
            "min": 0,
            "med": 0
        },
        "data_sent": {
            "count": 7202414,
            "rate": 89995.1781251066
        },
        "http_req_connecting": {
            "med": 0,
            "max": 1.783,
            "p(90)": 0,
            "p(95)": 0,
            "avg": 0.0009164545387143805,
            "min": 0
        },
        "http_req_duration{expected_response:true}": {
            "max": 1892.906,
            "p(90)": 8.720000000000004,
            "p(95)": 22.100499999999936,
            "avg": 22.663734535254562,
            "min": 0.239,
            "med": 1.689
        },
        "http_req_failed": {
            "passes": 0,
            "fails": 80926,
            "value": 0
        },
        "http_reqs": {
            "count": 80926,
            "rate": 1011.181776686591
        },
        "iteration_duration": {
            "med": 102.294375,
            "max": 1994.642625,
            "p(90)": 111.0746875,
            "p(95)": 129.15414574999994,
            "avg": 123.77128168933218,
            "min": 100.28575
        },
        "http_req_blocked": {
            "avg": 0.008119763734767794,
            "min": 0,
            "med": 0.002,
            "max": 36.548,
            "p(90)": 0.006,
            "p(95)": 0.008
        },
        "http_req_receiving": {
            "min": 0.004,
            "med": 0.012,
            "max": 28.685,
            "p(90)": 0.044,
            "p(95)": 0.065,
            "avg": 0.028110384795991962
        },
        "data_received": {
            "count": 66844876,
            "rate": 835236.1475431242
        },
        "checks": {
            "passes": 80926,
            "fails": 0,
            "value": 1
        }
    }
}