{
    "root_group": {
        "name": "",
        "path": "",
        "id": "d41d8cd98f00b204e9800998ecf8427e",
        "groups": {},
        "checks": {
                "status 200": {
                    "name": "status 200",
                    "path": "::status 200",
                    "id": "fad9fa412b86fcb03bee97c80dcd61f1",
                    "passes": 64773,
                    "fails": 0
                }
            }
    },
    "metrics": {
        "http_req_connecting": {
            "min": 0,
            "med": 0,
            "max": 2.013,
            "p(90)": 0,
            "p(95)": 0,
            "avg": 0.0025599092214348552
        },
        "http_req_sending": {
            "avg": 0.00988208049650172,
            "min": 0.001,
            "med": 0.003,
            "max": 9.856,
            "p(90)": 0.014,
            "p(95)": 0.034
        },
        "http_req_waiting": {
            "med": 1.482,
            "max": 923.353,
            "p(90)": 5.5748000000000015,
            "p(95)": 9.409399999999998,
            "avg": 17.38258104457091,
            "min": 0.22
        },
        "vus": {
            "value": 1,
            "min": 1,
            "max": 500
        },
        "http_req_duration": {
            "avg": 17.4081421734364,
            "min": 0.228,
            "med": 1.503,
            "max": 923.381,
            "p(90)": 5.615800000000001,
            "p(95)": 9.496999999999986
        },
        "http_req_duration{expected_response:true}": {
            "avg": 17.4081421734364,
            "min": 0.228,
            "med": 1.503,
            "max": 923.381,
            "p(90)": 5.615800000000001,
            "p(95)": 9.496999999999986
        },
        "checks": {
            "passes": 64773,
            "fails": 0,
            "value": 1
        },
        "http_req_failed": {
            "passes": 0,
            "fails": 64773,
            "value": 0
        },
        "http_req_tls_handshaking": {
            "p(90)": 0,
            "p(95)": 0,
            "avg": 0,
            "min": 0,
            "med": 0,
            "max": 0
        },
        "iteration_duration": {
            "med": 101.948708,
            "max": 1023.75475,
            "p(90)": 106.035008,
            "p(95)": 109.80546679999999,
            "avg": 117.76796361831414,
            "min": 100.279708
        },
        "iterations": {
            "count": 64773,
            "rate": 2152.476828797789
        },
        "vus_max": {
            "value": 500,
            "min": 500,
            "max": 500
        },
        "data_sent": {
            "count": 6606846,
            "rate": 219552.6365373745
        },
        "data_received": {
            "count": 80512839,
            "rate": 2675528.6981956516
        },
        "http_reqs": {
            "count": 64773,
            "rate": 2152.476828797789
        },
        "http_req_blocked": {
            "max": 3.051,
            "p(90)": 0.004,
            "p(95)": 0.005,
            "avg": 0.0051369243357527496,
            "min": 0,
            "med": 0.002
        },
        "http_req_receiving": {
            "p(95)": 0.039,
            "avg": 0.015679048368913345,
            "min": 0.003,
            "med": 0.008,
            "max": 8.697,
            "p(90)": 0.027
        }
    }
}