{
    "root_group": {
        "path": "",
        "id": "d41d8cd98f00b204e9800998ecf8427e",
        "groups": {},
        "checks": {
                "status 200": {
                    "passes": 84377,
                    "fails": 0,
                    "name": "status 200",
                    "path": "::status 200",
                    "id": "fad9fa412b86fcb03bee97c80dcd61f1"
                }
            },
        "name": ""
    },
    "metrics": {
        "data_sent": {
            "count": 7425176,
            "rate": 92702.87136748352
        },
        "http_reqs": {
            "count": 84377,
            "rate": 1053.44172008504
        },
        "http_req_duration": {
            "med": 2.222,
            "max": 929.997,
            "p(90)": 7.173,
            "p(95)": 9.88,
            "avg": 18.169835405383207,
            "min": 0.244
        },
        "vus": {
            "max": 200,
            "value": 3,
            "min": 3
        },
        "iterations": {
            "count": 84377,
            "rate": 1053.44172008504
        },
        "http_req_sending": {
            "med": 0.005,
            "max": 11.448,
            "p(90)": 0.022,
            "p(95)": 0.052,
            "avg": 0.016357585597966854,
            "min": 0.001
        },
        "http_req_waiting": {
            "p(95)": 9.790399999999991,
            "avg": 18.13190299489202,
            "min": 0.236,
            "med": 2.188,
            "max": 929.983,
            "p(90)": 7.104400000000002
        },
        "http_req_blocked": {
            "avg": 0.004502945115372371,
            "min": 0,
            "med": 0.002,
            "max": 4.797,
            "p(90)": 0.005,
            "p(95)": 0.007
        },
        "checks": {
            "passes": 84377,
            "fails": 0,
            "value": 1
        },
        "data_received": {
            "count": 95177256,
            "rate": 1188282.2602559251
        },
        "http_req_duration{expected_response:true}": {
            "avg": 18.169835405383207,
            "min": 0.244,
            "med": 2.222,
            "max": 929.997,
            "p(90)": 7.173,
            "p(95)": 9.88
        },
        "http_req_failed": {
            "passes": 0,
            "fails": 84377,
            "value": 0
        },
        "iteration_duration": {
            "avg": 118.7574002791875,
            "min": 100.278125,
            "med": 102.905708,
            "max": 1030.089208,
            "p(90)": 108.0722002,
            "p(95)": 111.0668664
        },
        "vus_max": {
            "max": 200,
            "value": 200,
            "min": 200
        },
        "http_req_receiving": {
            "min": 0.004,
            "med": 0.012,
            "max": 4.46,
            "p(90)": 0.036,
            "p(95)": 0.053,
            "avg": 0.021574824893046497
        },
        "http_req_connecting": {
            "avg": 0.0008896263199687119,
            "min": 0,
            "med": 0,
            "max": 4.3,
            "p(90)": 0,
            "p(95)": 0
        },
        "http_req_tls_handshaking": {
            "max": 0,
            "p(90)": 0,
            "p(95)": 0,
            "avg": 0,
            "min": 0,
            "med": 0
        }
    }
}