{
    "root_group": {
        "path": "",
        "id": "d41d8cd98f00b204e9800998ecf8427e",
        "groups": {},
        "checks": {
                "status 200": {
                    "name": "status 200",
                    "path": "::status 200",
                    "id": "fad9fa412b86fcb03bee97c80dcd61f1",
                    "passes": 61587,
                    "fails": 0
                }
            },
        "name": ""
    },
    "metrics": {
        "http_req_blocked": {
            "avg": 0.007071849578640179,
            "min": 0,
            "med": 0.002,
            "max": 20.399,
            "p(90)": 0.004,
            "p(95)": 0.006
        },
        "data_received": {
            "count": 50870862,
            "rate": 1690583.8071534843
        },
        "http_reqs": {
            "count": 61587,
            "rate": 2046.7116309364217
        },
        "data_sent": {
            "count": 5481243,
            "rate": 182157.33515334153
        },
        "iterations": {
            "count": 61587,
            "rate": 2046.7116309364217
        },
        "http_req_connecting": {
            "p(95)": 0,
            "avg": 0.0021514118239238825,
            "min": 0,
            "med": 0,
            "max": 1.025,
            "p(90)": 0
        },
        "http_req_tls_handshaking": {
            "p(95)": 0,
            "avg": 0,
            "min": 0,
            "med": 0,
            "max": 0,
            "p(90)": 0
        },
        "http_req_waiting": {
            "med": 0.901,
            "max": 1026.254,
            "p(90)": 17.79660000000004,
            "p(95)": 60.23999999999987,
            "avg": 23.65879063763419,
            "min": 0.2
        },
        "iteration_duration": {
            "avg": 124.36487128168201,
            "min": 100.263458,
            "med": 101.185667,
            "max": 1128.447041,
            "p(90)": 120.76849160000002,
            "p(95)": 163.78930899999992
        },
        "http_req_receiving": {
            "p(90)": 0.031,
            "p(95)": 0.046,
            "avg": 0.021020816081323588,
            "min": 0.003,
            "med": 0.009,
            "max": 20.313
        },
        "vus_max": {
            "value": 500,
            "min": 500,
            "max": 500
        },
        "http_req_duration": {
            "p(90)": 17.907800000000023,
            "p(95)": 60.319399999999966,
            "avg": 23.697160667023844,
            "min": 0.212,
            "med": 0.923,
            "max": 1026.268
        },
        "http_req_sending": {
            "med": 0.004,
            "max": 17.526,
            "p(90)": 0.015,
            "p(95)": 0.032,
            "avg": 0.01734921330800213,
            "min": 0.001
        },
        "http_req_failed": {
            "passes": 0,
            "fails": 61587,
            "value": 0
        },
        "http_req_duration{expected_response:true}": {
            "p(90)": 17.907800000000023,
            "p(95)": 60.319399999999966,
            "avg": 23.697160667023844,
            "min": 0.212,
            "med": 0.923,
            "max": 1026.268
        },
        "checks": {
            "passes": 61587,
            "fails": 0,
            "value": 1
        },
        "vus": {
            "min": 1,
            "max": 500,
            "value": 1
        }
    }
}