{
    "root_group": {
        "name": "",
        "path": "",
        "id": "d41d8cd98f00b204e9800998ecf8427e",
        "groups": {},
        "checks": {
                "status 200": {
                    "id": "fad9fa412b86fcb03bee97c80dcd61f1",
                    "passes": 65734,
                    "fails": 0,
                    "name": "status 200",
                    "path": "::status 200"
                }
            }
    },
    "metrics": {
        "checks": {
            "fails": 0,
            "passes": 65734,
            "value": 1
        },
        "iteration_duration": {
            "med": 101.691479,
            "max": 991.477959,
            "p(90)": 104.8454875,
            "p(95)": 110.30839375,
            "avg": 116.17843148118182,
            "min": 100.272417
        },
        "http_req_blocked": {
            "max": 1.592,
            "p(90)": 0.003,
            "p(95)": 0.005,
            "avg": 0.004653923388198178,
            "min": 0,
            "med": 0.001
        },
        "data_sent": {
            "rate": 192605.0044340566,
            "count": 5784592
        },
        "http_req_sending": {
            "avg": 0.008527809048588485,
            "min": 0.001,
            "med": 0.003,
            "max": 4.516,
            "p(90)": 0.013,
            "p(95)": 0.029
        },
        "http_req_receiving": {
            "max": 3.175,
            "p(90)": 0.026,
            "p(95)": 0.037,
            "avg": 0.013693096418895205,
            "min": 0.003,
            "med": 0.008
        },
        "iterations": {
            "count": 65734,
            "rate": 2188.693232205189
        },
        "http_req_tls_handshaking": {
            "avg": 0,
            "min": 0,
            "med": 0,
            "max": 0,
            "p(90)": 0,
            "p(95)": 0
        },
        "vus": {
            "value": 1,
            "min": 1,
            "max": 500
        },
        "http_req_failed": {
            "passes": 0,
            "fails": 65734,
            "value": 0
        },
        "http_req_waiting": {
            "med": 1.286,
            "max": 890.408,
            "p(90)": 4.387,
            "p(95)": 9.921349999999997,
            "avg": 15.83988842912326,
            "min": 0.223
        },
        "vus_max": {
            "max": 500,
            "value": 500,
            "min": 500
        },
        "http_req_connecting": {
            "max": 1.56,
            "p(90)": 0,
            "p(95)": 0,
            "avg": 0.002264003407673351,
            "min": 0,
            "med": 0
        },
        "data_received": {
            "count": 74147952,
            "rate": 2468845.965927453
        },
        "http_req_duration{expected_response:true}": {
            "med": 1.307,
            "max": 890.42,
            "p(90)": 4.421700000000001,
            "p(95)": 9.978849999999968,
            "avg": 15.862109334591054,
            "min": 0.234
        },
        "http_req_duration": {
            "min": 0.234,
            "med": 1.307,
            "max": 890.42,
            "p(90)": 4.421700000000001,
            "p(95)": 9.978849999999968,
            "avg": 15.862109334591054
        },
        "http_reqs": {
            "count": 65734,
            "rate": 2188.693232205189
        }
    }
}