{
    "root_group": {
        "name": "",
        "path": "",
        "id": "d41d8cd98f00b204e9800998ecf8427e",
        "groups": {},
        "checks": {
                "status 200": {
                    "id": "fad9fa412b86fcb03bee97c80dcd61f1",
                    "passes": 16401,
                    "fails": 0,
                    "name": "status 200",
                    "path": "::status 200"
                }
            }
    },
    "metrics": {
        "data_sent": {
            "count": 1525560,
            "rate": 30452.955069075786
        },
        "http_req_receiving": {
            "max": 10.956,
            "p(90)": 0.062,
            "p(95)": 0.092,
            "avg": 0.03737942808365259,
            "min": 0.004,
            "med": 0.024
        },
        "vus": {
            "max": 50,
            "value": 1,
            "min": 1
        },
        "http_req_waiting": {
            "avg": 21.198621181635417,
            "min": 0.269,
            "med": 3.447,
            "max": 978.271,
            "p(90)": 9.38,
            "p(95)": 13.689
        },
        "http_req_failed": {
            "passes": 0,
            "fails": 16401,
            "value": 0
        },
        "iterations": {
            "count": 16401,
            "rate": 327.39382003193055
        },
        "http_req_duration": {
            "avg": 21.26450033534523,
            "min": 0.28,
            "med": 3.519,
            "max": 978.291,
            "p(90)": 9.511,
            "p(95)": 13.819
        },
        "http_req_connecting": {
            "avg": 0.0014573501615755137,
            "min": 0,
            "med": 0,
            "max": 1.139,
            "p(90)": 0,
            "p(95)": 0
        },
        "http_req_blocked": {
            "p(95)": 0.012,
            "avg": 0.008375160051216407,
            "min": 0,
            "med": 0.004,
            "max": 5.692,
            "p(90)": 0.009
        },
        "vus_max": {
            "min": 50,
            "max": 50,
            "value": 50
        },
        "data_received": {
            "count": 17492911,
            "rate": 349190.3515498188
        },
        "http_req_tls_handshaking": {
            "avg": 0,
            "min": 0,
            "med": 0,
            "max": 0,
            "p(90)": 0,
            "p(95)": 0
        },
        "http_req_sending": {
            "avg": 0.028499725626484874,
            "min": 0.002,
            "med": 0.01,
            "max": 3.976,
            "p(90)": 0.034,
            "p(95)": 0.085
        },
        "checks": {
            "passes": 16401,
            "fails": 0,
            "value": 1
        },
        "iteration_duration": {
            "p(90)": 111.14175,
            "p(95)": 116.500083,
            "avg": 122.64566013919885,
            "min": 100.35325,
            "med": 104.433375,
            "max": 1078.377375
        },
        "http_reqs": {
            "count": 16401,
            "rate": 327.39382003193055
        },
        "http_req_duration{expected_response:true}": {
            "max": 978.291,
            "p(90)": 9.511,
            "p(95)": 13.819,
            "avg": 21.26450033534523,
            "min": 0.28,
            "med": 3.519
        }
    }
}