{
    "root_group": {
        "groups": {},
        "checks": {
                "status 200": {
                    "fails": 0,
                    "name": "status 200",
                    "path": "::status 200",
                    "id": "fad9fa412b86fcb03bee97c80dcd61f1",
                    "passes": 12487
                }
            },
        "name": "",
        "path": "",
        "id": "d41d8cd98f00b204e9800998ecf8427e"
    },
    "metrics": {
        "checks": {
            "passes": 12487,
            "fails": 0,
            "value": 1
        },
        "http_reqs": {
            "count": 12487,
            "rate": 311.3953982657867
        },
        "http_req_tls_handshaking": {
            "avg": 0,
            "min": 0,
            "med": 0,
            "max": 0,
            "p(90)": 0,
            "p(95)": 0
        },
        "http_req_blocked": {
            "p(95)": 0.012,
            "avg": 0.008596780651878161,
            "min": 0,
            "med": 0.004,
            "max": 2.073,
            "p(90)": 0.009
        },
        "data_sent": {
            "count": 1111343,
            "rate": 27714.19044565502
        },
        "iteration_duration": {
            "min": 100.310042,
            "med": 104.269,
            "max": 994.710875,
            "p(90)": 110.4694168,
            "p(95)": 113.6451751,
            "avg": 120.84918365876472
        },
        "http_req_sending": {
            "med": 0.009,
            "max": 5.208,
            "p(90)": 0.038,
            "p(95)": 0.122,
            "avg": 0.03278809962360763,
            "min": 0.001
        },
        "data_received": {
            "count": 10314262,
            "rate": 257212.59896753982
        },
        "vus_max": {
            "min": 50,
            "max": 50,
            "value": 50
        },
        "http_req_connecting": {
            "min": 0,
            "med": 0,
            "max": 0.875,
            "p(90)": 0,
            "p(95)": 0,
            "avg": 0.0018343076799871864
        },
        "http_req_duration": {
            "med": 3.399,
            "max": 894.297,
            "p(90)": 8.7,
            "p(95)": 11.409699999999999,
            "avg": 19.903288700248275,
            "min": 0.267
        },
        "vus": {
            "value": 1,
            "min": 1,
            "max": 50
        },
        "http_req_waiting": {
            "p(90)": 8.608400000000001,
            "p(95)": 11.277099999999999,
            "avg": 19.836516617281955,
            "min": 0.253,
            "med": 3.335,
            "max": 894.248
        },
        "http_req_receiving": {
            "max": 2.617,
            "p(90)": 0.052,
            "p(95)": 0.078,
            "avg": 0.03398398334267582,
            "min": 0.004,
            "med": 0.021
        },
        "http_req_duration{expected_response:true}": {
            "avg": 19.903288700248275,
            "min": 0.267,
            "med": 3.399,
            "max": 894.297,
            "p(90)": 8.7,
            "p(95)": 11.409699999999999
        },
        "iterations": {
            "rate": 311.3953982657867,
            "count": 12487
        },
        "http_req_failed": {
            "fails": 12487,
            "passes": 0,
            "value": 0
        }
    }
}