{
    "root_group": {
        "id": "d41d8cd98f00b204e9800998ecf8427e",
        "groups": {},
        "checks": {
                "status 200": {
                    "name": "status 200",
                    "path": "::status 200",
                    "id": "fad9fa412b86fcb03bee97c80dcd61f1",
                    "passes": 12348,
                    "fails": 0
                }
            },
        "name": "",
        "path": ""
    },
    "metrics": {
        "http_req_waiting": {
            "avg": 21.530059766763898,
            "min": 0.272,
            "med": 3.281,
            "max": 1368.14,
            "p(90)": 9.690400000000002,
            "p(95)": 12.862249999999998
        },
        "http_req_connecting": {
            "med": 0,
            "max": 1.643,
            "p(90)": 0,
            "p(95)": 0,
            "avg": 0.002163265306122449,
            "min": 0
        },
        "data_received": {
            "count": 15348564,
            "rate": 377146.63815908483
        },
        "http_req_sending": {
            "avg": 0.02875242954324466,
            "min": 0.001,
            "med": 0.01,
            "max": 7.437,
            "p(90)": 0.036,
            "p(95)": 0.09764999999999946
        },
        "data_sent": {
            "count": 1259496,
            "rate": 30948.47714579779
        },
        "vus_max": {
            "value": 50,
            "min": 50,
            "max": 50
        },
        "iterations": {
            "count": 12348,
            "rate": 303.4164426058607
        },
        "vus": {
            "value": 3,
            "min": 3,
            "max": 50
        },
        "http_req_duration{expected_response:true}": {
            "p(95)": 12.951299999999998,
            "avg": 21.597349449303497,
            "min": 0.282,
            "med": 3.3485,
            "max": 1368.23,
            "p(90)": 9.811200000000001
        },
        "http_req_tls_handshaking": {
            "avg": 0,
            "min": 0,
            "med": 0,
            "max": 0,
            "p(90)": 0,
            "p(95)": 0
        },
        "http_req_duration": {
            "avg": 21.597349449303497,
            "min": 0.282,
            "med": 3.3485,
            "max": 1368.23,
            "p(90)": 9.811200000000001,
            "p(95)": 12.951299999999998
        },
        "iteration_duration": {
            "max": 1468.652125,
            "p(90)": 111.3531787,
            "p(95)": 115.2055933,
            "avg": 122.66091757150993,
            "min": 100.322667,
            "med": 104.329458
        },
        "http_reqs": {
            "count": 12348,
            "rate": 303.4164426058607
        },
        "http_req_blocked": {
            "p(90)": 0.009,
            "p(95)": 0.012,
            "avg": 0.010875283446712118,
            "min": 0,
            "med": 0.004,
            "max": 26.634
        },
        "http_req_failed": {
            "passes": 0,
            "fails": 12348,
            "value": 0
        },
        "http_req_receiving": {
            "p(95)": 0.082,
            "avg": 0.03853725299643576,
            "min": 0.004,
            "med": 0.022,
            "max": 5.766,
            "p(90)": 0.057
        },
        "checks": {
            "passes": 12348,
            "fails": 0,
            "value": 1
        }
    }
}