{
    "metrics": {
        "http_req_duration{expected_response:true}": {
            "min": 0.264,
            "med": 3.202,
            "max": 894.893,
            "p(90)": 8.308200000000001,
            "p(95)": 11.059799999999997,
            "avg": 19.20100675944334
        },
        "vus_max": {
            "value": 50,
            "min": 50,
            "max": 50
        },
        "http_req_receiving": {
            "avg": 0.032402624254472365,
            "min": 0.004,
            "med": 0.023,
            "max": 1.786,
            "p(90)": 0.052,
            "p(95)": 0.079
        },
        "data_received": {
            "count": 14184600,
            "rate": 353800.515832502
        },
        "http_req_duration": {
            "p(95)": 11.059799999999997,
            "avg": 19.20100675944334,
            "min": 0.264,
            "med": 3.202,
            "max": 894.893,
            "p(90)": 8.308200000000001
        },
        "http_reqs": {
            "count": 12575,
            "rate": 313.6529395678209
        },
        "http_req_connecting": {
            "med": 0,
            "max": 1.245,
            "p(90)": 0,
            "p(95)": 0,
            "avg": 0.0017487872763419484,
            "min": 0
        },
        "http_req_sending": {
            "avg": 0.028874990059641215,
            "min": 0.001,
            "med": 0.01,
            "max": 6.715,
            "p(90)": 0.035,
            "p(95)": 0.11
        },
        "http_req_tls_handshaking": {
            "avg": 0,
            "min": 0,
            "med": 0,
            "max": 0,
            "p(90)": 0,
            "p(95)": 0
        },
        "data_sent": {
            "rate": 27601.45868196824,
            "count": 1106600
        },
        "http_req_failed": {
            "passes": 0,
            "fails": 12575,
            "value": 0
        },
        "iteration_duration": {
            "max": 996.266042,
            "p(90)": 109.5496502,
            "p(95)": 112.63196599999999,
            "avg": 120.00041644731584,
            "min": 100.319542,
            "med": 104.029375
        },
        "vus": {
            "value": 1,
            "min": 1,
            "max": 50
        },
        "iterations": {
            "rate": 313.6529395678209,
            "count": 12575
        },
        "http_req_blocked": {
            "avg": 0.007683180914513176,
            "min": 0,
            "med": 0.004,
            "max": 1.421,
            "p(90)": 0.009,
            "p(95)": 0.012
        },
        "http_req_waiting": {
            "med": 3.136,
            "max": 894.852,
            "p(90)": 8.2302,
            "p(95)": 10.986,
            "avg": 19.139729145129223,
            "min": 0.256
        },
        "checks": {
            "passes": 12575,
            "fails": 0,
            "value": 1
        }
    },
    "root_group": {
        "path": "",
        "id": "d41d8cd98f00b204e9800998ecf8427e",
        "groups": {},
        "checks": {
                "status 200": {
                    "name": "status 200",
                    "path": "::status 200",
                    "id": "fad9fa412b86fcb03bee97c80dcd61f1",
                    "passes": 12575,
                    "fails": 0
                }
            },
        "name": ""
    }
}