{
    "metrics": {
        "http_req_receiving": {
            "med": 0.008,
            "max": 0.938,
            "p(90)": 0.025,
            "p(95)": 0.035,
            "avg": 0.01314258785305517,
            "min": 0.003
        },
        "http_req_waiting": {
            "p(90)": 3.027,
            "p(95)": 6.708499999999997,
            "avg": 17.261239092121027,
            "min": 0.215,
            "med": 0.798,
            "max": 927.208
        },
        "http_req_connecting": {
            "med": 0,
            "max": 5.623,
            "p(90)": 0,
            "p(95)": 0,
            "avg": 0.0021582351228333647,
            "min": 0
        },
        "http_req_failed": {
            "passes": 0,
            "fails": 65251,
            "value": 0
        },
        "iteration_duration": {
            "med": 100.993875,
            "max": 1029.48975,
            "p(90)": 103.314958,
            "p(95)": 107.01047899999999,
            "avg": 117.46774588957882,
            "min": 100.253084
        },
        "data_received": {
            "count": 53897326,
            "rate": 1756964.1413210386
        },
        "http_req_duration{expected_response:true}": {
            "avg": 17.282138174127624,
            "min": 0.224,
            "med": 0.817,
            "max": 927.241,
            "p(90)": 3.06,
            "p(95)": 6.760499999999985
        },
        "vus": {
            "value": 1,
            "min": 1,
            "max": 500
        },
        "http_req_tls_handshaking": {
            "max": 0,
            "p(90)": 0,
            "p(95)": 0,
            "avg": 0,
            "min": 0,
            "med": 0
        },
        "data_sent": {
            "count": 5807339,
            "rate": 189309.69561449447
        },
        "http_req_sending": {
            "max": 4.319,
            "p(90)": 0.012,
            "p(95)": 0.025,
            "avg": 0.007756494153344751,
            "min": 0.001,
            "med": 0.003
        },
        "vus_max": {
            "min": 500,
            "max": 500,
            "value": 500
        },
        "http_reqs": {
            "count": 65251,
            "rate": 2127.0752316235335
        },
        "checks": {
            "passes": 65251,
            "fails": 0,
            "value": 1
        },
        "http_req_blocked": {
            "med": 0.001,
            "max": 5.686,
            "p(90)": 0.003,
            "p(95)": 0.004,
            "avg": 0.004464544604679159,
            "min": 0
        },
        "iterations": {
            "count": 65251,
            "rate": 2127.0752316235335
        },
        "http_req_duration": {
            "avg": 17.282138174127624,
            "min": 0.224,
            "med": 0.817,
            "max": 927.241,
            "p(90)": 3.06,
            "p(95)": 6.760499999999985
        }
    },
    "root_group": {
        "groups": {},
        "checks": {
                "status 200": {
                    "path": "::status 200",
                    "id": "fad9fa412b86fcb03bee97c80dcd61f1",
                    "passes": 65251,
                    "fails": 0,
                    "name": "status 200"
                }
            },
        "name": "",
        "path": "",
        "id": "d41d8cd98f00b204e9800998ecf8427e"
    }
}