{
    "root_group": {
        "name": "",
        "path": "",
        "id": "d41d8cd98f00b204e9800998ecf8427e",
        "groups": {},
        "checks": {
                "status 200": {
                    "name": "status 200",
                    "path": "::status 200",
                    "id": "fad9fa412b86fcb03bee97c80dcd61f1",
                    "passes": 84275,
                    "fails": 0
                }
            }
    },
    "metrics": {
        "http_req_failed": {
            "passes": 0,
            "fails": 84275,
            "value": 0
        },
        "data_received": {
            "count": 104753825,
            "rate": 1295637.7932216562
        },
        "http_reqs": {
            "count": 84275,
            "rate": 1042.3473799047918
        },
        "data_sent": {
            "count": 8596050,
            "rate": 106319.43275028876
        },
        "iteration_duration": {
            "avg": 118.88102921585161,
            "min": 100.279792,
            "med": 102.209625,
            "max": 1033.965,
            "p(90)": 107.44591700000001,
            "p(95)": 110.0564377
        },
        "http_req_blocked": {
            "avg": 0.004105606644911292,
            "min": 0,
            "med": 0.002,
            "max": 4.508,
            "p(90)": 0.005,
            "p(95)": 0.007
        },
        "http_req_sending": {
            "p(95)": 0.049,
            "avg": 0.016186864431919277,
            "min": 0.001,
            "med": 0.005,
            "max": 8.547,
            "p(90)": 0.02
        },
        "vus": {
            "value": 2,
            "min": 2,
            "max": 200
        },
        "http_req_tls_handshaking": {
            "avg": 0,
            "min": 0,
            "med": 0,
            "max": 0,
            "p(90)": 0,
            "p(95)": 0
        },
        "http_req_receiving": {
            "min": 0.003,
            "med": 0.012,
            "max": 8.701,
            "p(90)": 0.033,
            "p(95)": 0.047,
            "avg": 0.023060990803919636
        },
        "http_req_duration{expected_response:true}": {
            "p(90)": 6.617600000000002,
            "p(95)": 8.996,
            "avg": 18.430736054582884,
            "min": 0.252,
            "med": 1.789,
            "max": 933.398
        },
        "checks": {
            "passes": 84275,
            "fails": 0,
            "value": 1
        },
        "iterations": {
            "count": 84275,
            "rate": 1042.3473799047918
        },
        "http_req_waiting": {
            "min": 0.241,
            "med": 1.758,
            "max": 933.385,
            "p(90)": 6.53,
            "p(95)": 8.917899999999989,
            "avg": 18.39148819934744
        },
        "http_req_connecting": {
            "p(90)": 0,
            "p(95)": 0,
            "avg": 0.0008563630970038561,
            "min": 0,
            "med": 0,
            "max": 0.706
        },
        "http_req_duration": {
            "med": 1.789,
            "max": 933.398,
            "p(90)": 6.617600000000002,
            "p(95)": 8.996,
            "avg": 18.430736054582884,
            "min": 0.252
        },
        "vus_max": {
            "value": 200,
            "min": 200,
            "max": 200
        }
    }
}