{
    "root_group": {
        "checks": {
            "status 200": {
                "name": "status 200",
                "path": "::status 200",
                "id": "fad9fa412b86fcb03bee97c80dcd61f1",
                "passes": 60590,
                "fails": 0
            }
        },
        "name": "",
        "path": "",
        "id": "d41d8cd98f00b204e9800998ecf8427e",
        "groups": {}
    },
    "metrics": {
        "http_req_blocked": {
            "min": 0,
            "med": 0.002,
            "max": 20.088,
            "p(90)": 0.004,
            "p(95)": 0.006,
            "avg": 0.006824112889914115
        },
        "http_req_connecting": {
            "avg": 0.0026267700940749298,
            "min": 0,
            "med": 0,
            "max": 3.796,
            "p(90)": 0,
            "p(95)": 0
        },
        "http_req_tls_handshaking": {
            "avg": 0,
            "min": 0,
            "med": 0,
            "max": 0,
            "p(90)": 0,
            "p(95)": 0
        },
        "data_sent": {
            "rate": 177258.19086751566,
            "count": 5331920
        },
        "checks": {
            "passes": 60590,
            "fails": 0,
            "value": 1
        },
        "http_req_duration{expected_response:true}": {
            "p(90)": 19.712,
            "p(95)": 59.72184999999998,
            "avg": 25.87429420696465,
            "min": 0.243,
            "med": 1.343,
            "max": 989.411
        },
        "http_req_failed": {
            "passes": 0,
            "fails": 60590,
            "value": 0
        },
        "http_reqs": {
            "count": 60590,
            "rate": 2014.2976234944963
        },
        "http_req_waiting": {
            "p(90)": 19.6481,
            "p(95)": 59.672749999999986,
            "avg": 25.833148572371393,
            "min": 0.233,
            "med": 1.32,
            "max": 989.382
        },
        "data_received": {
            "rate": 2272127.719301792,
            "count": 68345520
        },
        "http_req_duration": {
            "avg": 25.87429420696465,
            "min": 0.243,
            "med": 1.343,
            "max": 989.411,
            "p(90)": 19.712,
            "p(95)": 59.72184999999998
        },
        "http_req_receiving": {
            "min": 0.003,
            "med": 0.01,
            "max": 7.505,
            "p(90)": 0.034,
            "p(95)": 0.049,
            "avg": 0.019742713319031616
        },
        "iterations": {
            "count": 60590,
            "rate": 2014.2976234944963
        },
        "vus_max": {
            "max": 500,
            "value": 500,
            "min": 500
        },
        "iteration_duration": {
            "p(90)": 121.6907836,
            "p(95)": 161.5273940499998,
            "avg": 126.49627695098111,
            "min": 100.28825,
            "med": 101.65925,
            "max": 1089.842542
        },
        "http_req_sending": {
            "avg": 0.021402921274131865,
            "min": 0.001,
            "med": 0.004,
            "max": 66.48,
            "p(90)": 0.017,
            "p(95)": 0.036
        },
        "vus": {
            "value": 1,
            "min": 1,
            "max": 500
        }
    }
}