{
    "root_group": {
        "checks": {
            "status 200": {
                "name": "status 200",
                "path": "::status 200",
                "id": "fad9fa412b86fcb03bee97c80dcd61f1",
                "passes": 83715,
                "fails": 0
            }
        },
        "name": "",
        "path": "",
        "id": "d41d8cd98f00b204e9800998ecf8427e",
        "groups": {}
    },
    "metrics": {
        "data_received": {
            "count": 94430520,
            "rate": 1179057.1093636933
        },
        "http_req_duration{expected_response:true}": {
            "p(90)": 5.843,
            "p(95)": 10.684599999999993,
            "avg": 19.330090616974235,
            "min": 0.244,
            "med": 1.405,
            "max": 1008.19
        },
        "http_req_waiting": {
            "max": 1008.177,
            "p(90)": 5.7886000000000015,
            "p(95)": 10.558199999999985,
            "avg": 19.294222911067283,
            "min": 0.234,
            "med": 1.377
        },
        "data_sent": {
            "count": 7366920,
            "rate": 91983.1787446853
        },
        "iteration_duration": {
            "p(95)": 111.90326689999998,
            "avg": 119.77190751874637,
            "min": 100.291459,
            "med": 101.75925,
            "max": 1110.897916,
            "p(90)": 106.7394578
        },
        "iterations": {
            "count": 83715,
            "rate": 1045.2633948259693
        },
        "http_req_connecting": {
            "max": 3.956,
            "p(90)": 0,
            "p(95)": 0,
            "avg": 0.0010105476915725975,
            "min": 0,
            "med": 0
        },
        "http_req_duration": {
            "p(90)": 5.843,
            "p(95)": 10.684599999999993,
            "avg": 19.330090616974235,
            "min": 0.244,
            "med": 1.405,
            "max": 1008.19
        },
        "http_req_failed": {
            "passes": 0,
            "fails": 83715,
            "value": 0
        },
        "checks": {
            "passes": 83715,
            "fails": 0,
            "value": 1
        },
        "http_req_sending": {
            "avg": 0.01493446813593596,
            "min": 0.001,
            "med": 0.005,
            "max": 43.131,
            "p(90)": 0.018,
            "p(95)": 0.041
        },
        "http_reqs": {
            "count": 83715,
            "rate": 1045.2633948259693
        },
        "vus_max": {
            "value": 200,
            "min": 200,
            "max": 200
        },
        "http_req_tls_handshaking": {
            "avg": 0,
            "min": 0,
            "med": 0,
            "max": 0,
            "p(90)": 0,
            "p(95)": 0
        },
        "http_req_receiving": {
            "min": 0.003,
            "med": 0.012,
            "max": 10.543,
            "p(90)": 0.036,
            "p(95)": 0.052,
            "avg": 0.020933237771017008
        },
        "http_req_blocked": {
            "max": 9.539,
            "p(90)": 0.005,
            "p(95)": 0.006,
            "avg": 0.005173517290804953,
            "min": 0,
            "med": 0.002
        },
        "vus": {
            "value": 1,
            "min": 1,
            "max": 200
        }
    }
}