{
    "root_group": {
        "checks": {
            "status 200": {
                "name": "status 200",
                "path": "::status 200",
                "id": "fad9fa412b86fcb03bee97c80dcd61f1",
                "passes": 64625,
                "fails": 0
            }
        },
        "name": "",
        "path": "",
        "id": "d41d8cd98f00b204e9800998ecf8427e",
        "groups": {}
    },
    "metrics": {
        "iteration_duration": {
            "avg": 118.72926650028643,
            "min": 100.280709,
            "med": 101.193042,
            "max": 1064.966375,
            "p(90)": 103.7037168,
            "p(95)": 107.7945412
        },
        "checks": {
            "fails": 0,
            "passes": 64625,
            "value": 1
        },
        "http_req_connecting": {
            "avg": 0.0025920618955512552,
            "min": 0,
            "med": 0,
            "max": 3.9,
            "p(90)": 0,
            "p(95)": 0
        },
        "http_req_tls_handshaking": {
            "min": 0,
            "med": 0,
            "max": 0,
            "p(90)": 0,
            "p(95)": 0,
            "avg": 0
        },
        "data_received": {
            "count": 80328875,
            "rate": 2675742.589758048
        },
        "data_sent": {
            "rate": 219570.18837918012,
            "count": 6591750
        },
        "vus": {
            "value": 1,
            "min": 1,
            "max": 500
        },
        "http_req_sending": {
            "avg": 0.008606963249515438,
            "min": 0.001,
            "med": 0.003,
            "max": 1.588,
            "p(90)": 0.013,
            "p(95)": 0.027
        },
        "http_req_duration{expected_response:true}": {
            "avg": 18.491469152804623,
            "min": 0.241,
            "med": 0.95,
            "max": 963.884,
            "p(90)": 3.3446000000000016,
            "p(95)": 7.446399999999992
        },
        "iterations": {
            "count": 64625,
            "rate": 2152.6489056782366
        },
        "http_req_failed": {
            "passes": 0,
            "fails": 64625,
            "value": 0
        },
        "vus_max": {
            "value": 500,
            "min": 500,
            "max": 500
        },
        "http_req_waiting": {
            "max": 963.869,
            "p(90)": 3.3062000000000027,
            "p(95)": 7.365799999999982,
            "avg": 18.469529748549085,
            "min": 0.233,
            "med": 0.931
        },
        "http_req_receiving": {
            "p(90)": 0.025,
            "p(95)": 0.036,
            "avg": 0.01333244100579756,
            "min": 0.003,
            "med": 0.008,
            "max": 3.025
        },
        "http_req_duration": {
            "avg": 18.491469152804623,
            "min": 0.241,
            "med": 0.95,
            "max": 963.884,
            "p(90)": 3.3446000000000016,
            "p(95)": 7.446399999999992
        },
        "http_reqs": {
            "count": 64625,
            "rate": 2152.6489056782366
        },
        "http_req_blocked": {
            "med": 0.001,
            "max": 3.998,
            "p(90)": 0.003,
            "p(95)": 0.005,
            "avg": 0.00509284332688068,
            "min": 0
        }
    }
}