{
    "root_group": {
        "groups": {},
        "checks": {
                "status 200": {
                    "passes": 16636,
                    "fails": 0,
                    "name": "status 200",
                    "path": "::status 200",
                    "id": "fad9fa412b86fcb03bee97c80dcd61f1"
                }
            },
        "name": "",
        "path": "",
        "id": "d41d8cd98f00b204e9800998ecf8427e"
    },
    "metrics": {
        "data_sent": {
            "count": 1545622,
            "rate": 30894.008016936936
        },
        "data_received": {
            "count": 18600056,
            "rate": 371779.3090286473
        },
        "vus_max": {
            "value": 50,
            "min": 50,
            "max": 50
        },
        "http_req_receiving": {
            "min": 0.004,
            "med": 0.024,
            "max": 18.691,
            "p(90)": 0.11,
            "p(95)": 0.205,
            "avg": 0.07434136811733454
        },
        "iterations": {
            "count": 16636,
            "rate": 332.52161095647114
        },
        "http_req_tls_handshaking": {
            "avg": 0,
            "min": 0,
            "med": 0,
            "max": 0,
            "p(90)": 0,
            "p(95)": 0
        },
        "http_req_waiting": {
            "med": 2.3315,
            "max": 1047.573,
            "p(90)": 8.3385,
            "p(95)": 11.404999999999998,
            "avg": 19.652374549170524,
            "min": 0.257
        },
        "http_req_duration{expected_response:true}": {
            "avg": 19.755713633084873,
            "min": 0.289,
            "med": 2.413,
            "max": 1047.767,
            "p(90)": 8.533500000000002,
            "p(95)": 11.584749999999998
        },
        "http_req_sending": {
            "min": 0.001,
            "med": 0.008,
            "max": 11.977,
            "p(90)": 0.033,
            "p(95)": 0.073,
            "avg": 0.028997715797064883
        },
        "vus": {
            "min": 1,
            "max": 50,
            "value": 1
        },
        "http_req_blocked": {
            "p(90)": 0.008,
            "p(95)": 0.012,
            "avg": 0.01606906708343174,
            "min": 0,
            "med": 0.003,
            "max": 31.16
        },
        "iteration_duration": {
            "med": 103.42012500000001,
            "max": 1147.838834,
            "p(90)": 110.10056250000001,
            "p(95)": 113.019521,
            "avg": 120.7620616721575,
            "min": 100.378
        },
        "http_req_failed": {
            "passes": 0,
            "fails": 16636,
            "value": 0
        },
        "http_reqs": {
            "count": 16636,
            "rate": 332.52161095647114
        },
        "http_req_duration": {
            "p(95)": 11.584749999999998,
            "avg": 19.755713633084873,
            "min": 0.289,
            "med": 2.413,
            "max": 1047.767,
            "p(90)": 8.533500000000002
        },
        "http_req_connecting": {
            "min": 0,
            "med": 0,
            "max": 31.101,
            "p(90)": 0,
            "p(95)": 0,
            "avg": 0.00944505890839144
        },
        "checks": {
            "passes": 16636,
            "fails": 0,
            "value": 1
        }
    }
}