{
    "root_group": {
        "path": "",
        "id": "d41d8cd98f00b204e9800998ecf8427e",
        "groups": {},
        "checks": {
                "status 200": {
                    "name": "status 200",
                    "path": "::status 200",
                    "id": "fad9fa412b86fcb03bee97c80dcd61f1",
                    "passes": 12457,
                    "fails": 0
                }
            },
        "name": ""
    },
    "metrics": {
        "http_req_failed": {
            "passes": 0,
            "fails": 12457,
            "value": 0
        },
        "http_req_duration": {
            "med": 2.697,
            "max": 973.601,
            "p(90)": 8.695200000000002,
            "p(95)": 13.7102,
            "avg": 19.930406357871085,
            "min": 0.308
        },
        "http_req_sending": {
            "p(95)": 0.056,
            "avg": 0.025113189371436393,
            "min": 0.002,
            "med": 0.008,
            "max": 6.521,
            "p(90)": 0.03
        },
        "http_req_receiving": {
            "avg": 0.0875850525808768,
            "min": 0.005,
            "med": 0.024,
            "max": 17.289,
            "p(90)": 0.119,
            "p(95)": 0.27619999999999945
        },
        "data_received": {
            "count": 16146210,
            "rate": 403282.5967165041
        },
        "iterations": {
            "count": 12457,
            "rate": 311.1374933992244
        },
        "vus_max": {
            "max": 50,
            "value": 50,
            "min": 50
        },
        "data_sent": {
            "count": 1270614,
            "rate": 31736.02432672089
        },
        "http_req_duration{expected_response:true}": {
            "avg": 19.930406357871085,
            "min": 0.308,
            "med": 2.697,
            "max": 973.601,
            "p(90)": 8.695200000000002,
            "p(95)": 13.7102
        },
        "http_req_waiting": {
            "med": 2.604,
            "max": 973.54,
            "p(90)": 8.429200000000002,
            "p(95)": 13.504399999999993,
            "avg": 19.817708115918748,
            "min": 0.277
        },
        "http_req_tls_handshaking": {
            "max": 0,
            "p(90)": 0,
            "p(95)": 0,
            "avg": 0,
            "min": 0,
            "med": 0
        },
        "iteration_duration": {
            "min": 100.369375,
            "med": 103.75775,
            "max": 1074.905334,
            "p(90)": 110.85232500000001,
            "p(95)": 116.40519979999996,
            "avg": 121.16599029999229
        },
        "http_req_blocked": {
            "avg": 0.015553744882394832,
            "min": 0,
            "med": 0.003,
            "max": 7.637,
            "p(90)": 0.009,
            "p(95)": 0.013
        },
        "vus": {
            "value": 1,
            "min": 1,
            "max": 50
        },
        "http_reqs": {
            "count": 12457,
            "rate": 311.1374933992244
        },
        "http_req_connecting": {
            "med": 0,
            "max": 7.554,
            "p(90)": 0,
            "p(95)": 0,
            "avg": 0.008133258408926708,
            "min": 0
        },
        "checks": {
            "fails": 0,
            "passes": 12457,
            "value": 1
        }
    }
}