{
    "root_group": {
        "name": "",
        "path": "",
        "id": "d41d8cd98f00b204e9800998ecf8427e",
        "groups": {},
        "checks": {
                "status 200": {
                    "fails": 0,
                    "name": "status 200",
                    "path": "::status 200",
                    "id": "fad9fa412b86fcb03bee97c80dcd61f1",
                    "passes": 12450
                }
            }
    },
    "metrics": {
        "http_req_duration": {
            "p(95)": 7.816399999999996,
            "avg": 20.764412369477913,
            "min": 0.282,
            "med": 2.0685000000000002,
            "max": 1272.634,
            "p(90)": 5.540100000000001
        },
        "vus": {
            "value": 1,
            "min": 1,
            "max": 50
        },
        "http_req_duration{expected_response:true}": {
            "med": 2.0685000000000002,
            "max": 1272.634,
            "p(90)": 5.540100000000001,
            "p(95)": 7.816399999999996,
            "avg": 20.764412369477913,
            "min": 0.282
        },
        "http_req_tls_handshaking": {
            "max": 0,
            "p(90)": 0,
            "p(95)": 0,
            "avg": 0,
            "min": 0,
            "med": 0
        },
        "http_req_sending": {
            "avg": 0.02491277108433612,
            "min": 0.002,
            "med": 0.007,
            "max": 4.601,
            "p(90)": 0.029,
            "p(95)": 0.06754999999999946
        },
        "http_reqs": {
            "count": 12450,
            "rate": 310.7778352349276
        },
        "data_sent": {
            "count": 1108050,
            "rate": 27659.227335908556
        },
        "vus_max": {
            "value": 50,
            "min": 50,
            "max": 50
        },
        "http_req_waiting": {
            "max": 1272.614,
            "p(90)": 5.386100000000001,
            "p(95)": 7.702299999999997,
            "avg": 20.668914377510056,
            "min": 0.26,
            "med": 1.983
        },
        "http_req_receiving": {
            "avg": 0.07058522088353325,
            "min": 0.004,
            "med": 0.023,
            "max": 38.848,
            "p(90)": 0.10110000000000029,
            "p(95)": 0.181
        },
        "checks": {
            "passes": 12450,
            "fails": 0,
            "value": 1
        },
        "http_req_blocked": {
            "avg": 0.014477510040159958,
            "min": 0,
            "med": 0.003,
            "max": 8.02,
            "p(90)": 0.007,
            "p(95)": 0.011
        },
        "http_req_failed": {
            "passes": 0,
            "fails": 12450,
            "value": 0
        },
        "data_received": {
            "count": 10957881,
            "rate": 273531.44867003564
        },
        "iteration_duration": {
            "avg": 121.60586494859457,
            "min": 100.333,
            "med": 102.933667,
            "max": 1373.365875,
            "p(90)": 106.7719419,
            "p(95)": 109.27749184999999
        },
        "iterations": {
            "count": 12450,
            "rate": 310.7778352349276
        },
        "http_req_connecting": {
            "p(90)": 0,
            "p(95)": 0,
            "avg": 0.007263935742971888,
            "min": 0,
            "med": 0,
            "max": 3.341
        }
    }
}