{
    "metrics": {
        "http_req_duration{expected_response:true}": {
            "min": 0.271,
            "med": 1.996,
            "max": 974.528,
            "p(90)": 4.945200000000001,
            "p(95)": 8.631399999999998,
            "avg": 19.71097362339632
        },
        "http_req_sending": {
            "min": 0.002,
            "med": 0.007,
            "max": 4.143,
            "p(90)": 0.026,
            "p(95)": 0.054,
            "avg": 0.020513586739978128
        },
        "iteration_duration": {
            "min": 100.353625,
            "med": 102.773667,
            "max": 1074.58025,
            "p(90)": 105.97709160000001,
            "p(95)": 109.12429139999998,
            "avg": 120.41005708343322
        },
        "iterations": {
            "count": 12549,
            "rate": 313.0130830439249
        },
        "http_reqs": {
            "count": 12549,
            "rate": 313.0130830439249
        },
        "vus": {
            "value": 1,
            "min": 1,
            "max": 50
        },
        "http_req_duration": {
            "max": 974.528,
            "p(90)": 4.945200000000001,
            "p(95)": 8.631399999999998,
            "avg": 19.71097362339632,
            "min": 0.271,
            "med": 1.996
        },
        "checks": {
            "fails": 0,
            "passes": 12549,
            "value": 1
        },
        "data_received": {
            "count": 14822250,
            "rate": 369715.3693639187
        },
        "http_req_waiting": {
            "avg": 19.63034616304092,
            "min": 0.255,
            "med": 1.92,
            "max": 974.507,
            "p(90)": 4.761200000000001,
            "p(95)": 8.5232
        },
        "http_req_receiving": {
            "min": 0.004,
            "med": 0.021,
            "max": 14.702,
            "p(90)": 0.096,
            "p(95)": 0.174,
            "avg": 0.060113873615425986
        },
        "http_req_tls_handshaking": {
            "p(90)": 0,
            "p(95)": 0,
            "avg": 0,
            "min": 0,
            "med": 0,
            "max": 0
        },
        "http_req_connecting": {
            "max": 2.735,
            "p(90)": 0,
            "p(95)": 0,
            "avg": 0.006167423699099532,
            "min": 0,
            "med": 0
        },
        "http_req_blocked": {
            "min": 0,
            "med": 0.003,
            "max": 3.904,
            "p(90)": 0.007,
            "p(95)": 0.01,
            "avg": 0.012074428241293506
        },
        "data_sent": {
            "count": 1104312,
            "rate": 27545.15130786539
        },
        "http_req_failed": {
            "passes": 0,
            "fails": 12549,
            "value": 0
        },
        "vus_max": {
            "min": 50,
            "max": 50,
            "value": 50
        }
    },
    "root_group": {
        "checks": {
            "status 200": {
                "fails": 0,
                "name": "status 200",
                "path": "::status 200",
                "id": "fad9fa412b86fcb03bee97c80dcd61f1",
                "passes": 12549
            }
        },
        "name": "",
        "path": "",
        "id": "d41d8cd98f00b204e9800998ecf8427e",
        "groups": {}
    }
}