{
    "root_group": {
        "name": "",
        "path": "",
        "id": "d41d8cd98f00b204e9800998ecf8427e",
        "groups": {},
        "checks": {
                "status 200": {
                    "fails": 0,
                    "name": "status 200",
                    "path": "::status 200",
                    "id": "fad9fa412b86fcb03bee97c80dcd61f1",
                    "passes": 65069
                }
            }
    },
    "metrics": {
        "checks": {
            "passes": 65069,
            "fails": 0,
            "value": 1
        },
        "http_req_duration": {
            "p(95)": 12.36919999999998,
            "avg": 17.501170818669316,
            "min": 0.214,
            "med": 0.751,
            "max": 975.114,
            "p(90)": 3.788
        },
        "iterations": {
            "count": 65069,
            "rate": 2166.4413903673417
        },
        "http_req_blocked": {
            "avg": 0.006734866065251794,
            "min": 0,
            "med": 0.002,
            "max": 4.004,
            "p(90)": 0.004,
            "p(95)": 0.006
        },
        "iteration_duration": {
            "p(95)": 113.73385839999999,
            "avg": 117.86145404453731,
            "min": 100.246959,
            "med": 101.0335,
            "max": 1075.410459,
            "p(90)": 104.5567422
        },
        "data_sent": {
            "rate": 192813.2837426934,
            "count": 5791141
        },
        "vus_max": {
            "value": 500,
            "min": 500,
            "max": 500
        },
        "http_req_duration{expected_response:true}": {
            "p(90)": 3.788,
            "p(95)": 12.36919999999998,
            "avg": 17.501170818669316,
            "min": 0.214,
            "med": 0.751,
            "max": 975.114
        },
        "http_req_receiving": {
            "max": 9.487,
            "p(90)": 0.071,
            "p(95)": 0.113,
            "avg": 0.03766613902165568,
            "min": 0.004,
            "med": 0.015
        },
        "http_reqs": {
            "count": 65069,
            "rate": 2166.4413903673417
        },
        "http_req_connecting": {
            "avg": 0.0034010819284144584,
            "min": 0,
            "med": 0,
            "max": 3.158,
            "p(90)": 0,
            "p(95)": 0
        },
        "http_req_waiting": {
            "p(95)": 12.238199999999996,
            "avg": 17.451354592816923,
            "min": 0.193,
            "med": 0.707,
            "max": 975.082,
            "p(90)": 3.693
        },
        "http_req_failed": {
            "passes": 0,
            "fails": 65069,
            "value": 0
        },
        "data_received": {
            "count": 57268453,
            "rate": 1906725.8900783283
        },
        "vus": {
            "value": 1,
            "min": 1,
            "max": 500
        },
        "http_req_tls_handshaking": {
            "p(90)": 0,
            "p(95)": 0,
            "avg": 0,
            "min": 0,
            "med": 0,
            "max": 0
        },
        "http_req_sending": {
            "min": 0.001,
            "med": 0.004,
            "max": 18.385,
            "p(90)": 0.014,
            "p(95)": 0.032,
            "avg": 0.01215008683090399
        }
    }
}