{
    "metrics": {
        "iteration_duration": {
            "avg": 119.08938385724294,
            "min": 100.278958,
            "med": 102.052166,
            "max": 1091.628667,
            "p(90)": 106.4700043,
            "p(95)": 111.22592904999998
        },
        "vus": {
            "min": 2,
            "max": 200,
            "value": 2
        },
        "vus_max": {
            "value": 200,
            "min": 200,
            "max": 200
        },
        "data_sent": {
            "count": 7487392,
            "rate": 93559.64827562553
        },
        "http_req_blocked": {
            "p(90)": 0.005,
            "p(95)": 0.007,
            "avg": 0.012257452928862633,
            "min": 0,
            "med": 0.002,
            "max": 56.724
        },
        "http_req_tls_handshaking": {
            "max": 0,
            "p(90)": 0,
            "p(95)": 0,
            "avg": 0,
            "min": 0,
            "med": 0
        },
        "http_req_waiting": {
            "avg": 18.20644022204257,
            "min": 0.201,
            "med": 1.318,
            "max": 991.112,
            "p(90)": 4.935300000000002,
            "p(95)": 8.885
        },
        "http_req_duration{expected_response:true}": {
            "avg": 18.28539019113739,
            "min": 0.227,
            "med": 1.372,
            "max": 991.128,
            "p(90)": 5.133,
            "p(95)": 9.077649999999997
        },
        "http_req_connecting": {
            "avg": 0.007500261506276151,
            "min": 0,
            "med": 0,
            "max": 56.636,
            "p(90)": 0,
            "p(95)": 0
        },
        "http_req_failed": {
            "passes": 0,
            "fails": 84128,
            "value": 0
        },
        "http_reqs": {
            "count": 84128,
            "rate": 1051.232003096916
        },
        "http_req_receiving": {
            "avg": 0.05530555819703399,
            "min": 0.004,
            "med": 0.015,
            "max": 57.58,
            "p(90)": 0.072,
            "p(95)": 0.129
        },
        "http_req_sending": {
            "min": 0.001,
            "med": 0.005,
            "max": 70.41,
            "p(90)": 0.024,
            "p(95)": 0.062,
            "avg": 0.023644410897678755
        },
        "checks": {
            "fails": 0,
            "passes": 84128,
            "value": 1
        },
        "http_req_duration": {
            "p(90)": 5.133,
            "p(95)": 9.077649999999997,
            "avg": 18.28539019113739,
            "min": 0.227,
            "med": 1.372,
            "max": 991.128
        },
        "iterations": {
            "count": 84128,
            "rate": 1051.232003096916
        },
        "data_received": {
            "count": 74046586,
            "rate": 925258.4267219957
        }
    },
    "root_group": {
        "name": "",
        "path": "",
        "id": "d41d8cd98f00b204e9800998ecf8427e",
        "groups": {},
        "checks": {
                "status 200": {
                    "id": "fad9fa412b86fcb03bee97c80dcd61f1",
                    "passes": 84128,
                    "fails": 0,
                    "name": "status 200",
                    "path": "::status 200"
                }
            }
    }
}