{
    "metrics": {
        "vus": {
            "value": 1,
            "min": 1,
            "max": 500
        },
        "data_sent": {
            "count": 6754338,
            "rate": 224796.1584611799
        },
        "http_reqs": {
            "count": 66219,
            "rate": 2203.883906482156
        },
        "iteration_duration": {
            "med": 101.497917,
            "max": 994.140125,
            "p(90)": 104.08608360000001,
            "p(95)": 106.7191039,
            "avg": 115.59106714337213,
            "min": 100.274917
        },
        "http_req_duration": {
            "med": 1.049,
            "max": 894.069,
            "p(90)": 3.245,
            "p(95)": 5.706199999999995,
            "avg": 15.124815324906647,
            "min": 0.246
        },
        "http_req_tls_handshaking": {
            "avg": 0,
            "min": 0,
            "med": 0,
            "max": 0,
            "p(90)": 0,
            "p(95)": 0
        },
        "iterations": {
            "count": 66219,
            "rate": 2203.883906482156
        },
        "vus_max": {
            "value": 500,
            "min": 500,
            "max": 500
        },
        "http_req_blocked": {
            "avg": 0.007700508917377337,
            "min": 0,
            "med": 0.002,
            "max": 4.231,
            "p(90)": 0.004,
            "p(95)": 0.005
        },
        "http_req_sending": {
            "avg": 0.01475186879898505,
            "min": 0.001,
            "med": 0.004,
            "max": 8.704,
            "p(90)": 0.018,
            "p(95)": 0.046
        },
        "http_req_failed": {
            "passes": 0,
            "fails": 66219,
            "value": 0
        },
        "http_req_waiting": {
            "p(95)": 5.481199999999994,
            "avg": 15.072488862713188,
            "min": 0.22,
            "med": 1.009,
            "max": 894.007,
            "p(90)": 3.159
        },
        "http_req_duration{expected_response:true}": {
            "p(95)": 5.706199999999995,
            "avg": 15.124815324906647,
            "min": 0.246,
            "med": 1.049,
            "max": 894.069,
            "p(90)": 3.245
        },
        "checks": {
            "passes": 66219,
            "fails": 0,
            "value": 1
        },
        "http_req_connecting": {
            "p(90)": 0,
            "p(95)": 0,
            "avg": 0.004600854739576252,
            "min": 0,
            "med": 0,
            "max": 4.194
        },
        "http_req_receiving": {
            "max": 15.568,
            "p(90)": 0.057,
            "p(95)": 0.099,
            "avg": 0.03757459339464899,
            "min": 0.004,
            "med": 0.013
        },
        "data_received": {
            "count": 85827804,
            "rate": 2856499.1311301105
        }
    },
    "root_group": {
        "checks": {
            "status 200": {
                "fails": 0,
                "name": "status 200",
                "path": "::status 200",
                "id": "fad9fa412b86fcb03bee97c80dcd61f1",
                "passes": 66219
            }
        },
        "name": "",
        "path": "",
        "id": "d41d8cd98f00b204e9800998ecf8427e",
        "groups": {}
    }
}