{
    "root_group": {
        "path": "",
        "id": "d41d8cd98f00b204e9800998ecf8427e",
        "groups": {},
        "checks": {
                "status 200": {
                    "fails": 0,
                    "name": "status 200",
                    "path": "::status 200",
                    "id": "fad9fa412b86fcb03bee97c80dcd61f1",
                    "passes": 83290
                }
            },
        "name": ""
    },
    "metrics": {
        "vus_max": {
            "min": 200,
            "max": 200,
            "value": 200
        },
        "http_req_failed": {
            "passes": 0,
            "fails": 83290,
            "value": 0
        },
        "vus": {
            "value": 1,
            "min": 1,
            "max": 200
        },
        "iteration_duration": {
            "p(95)": 111.69481845,
            "avg": 120.26174265639239,
            "min": 100.304041,
            "med": 102.69225,
            "max": 1071.004458,
            "p(90)": 107.6708792
        },
        "data_sent": {
            "rate": 106112.70763368417,
            "count": 8495580
        },
        "iterations": {
            "count": 83290,
            "rate": 1040.320663075335
        },
        "http_req_waiting": {
            "avg": 19.304562684595865,
            "min": 0.241,
            "med": 1.8385,
            "max": 970.558,
            "p(90)": 5.889100000000002,
            "p(95)": 9.485749999999982
        },
        "http_req_blocked": {
            "p(95)": 0.007,
            "avg": 0.010635406411328157,
            "min": 0,
            "med": 0.002,
            "max": 9.535,
            "p(90)": 0.005
        },
        "data_received": {
            "count": 107957615,
            "rate": 1348427.633819567
        },
        "http_reqs": {
            "count": 83290,
            "rate": 1040.320663075335
        },
        "checks": {
            "passes": 83290,
            "fails": 0,
            "value": 1
        },
        "http_req_duration": {
            "avg": 19.389759863128823,
            "min": 0.27,
            "med": 1.896,
            "max": 970.655,
            "p(90)": 6.124,
            "p(95)": 9.749549999999996
        },
        "http_req_tls_handshaking": {
            "p(95)": 0,
            "avg": 0,
            "min": 0,
            "med": 0,
            "max": 0,
            "p(90)": 0
        },
        "http_req_duration{expected_response:true}": {
            "avg": 19.389759863128823,
            "min": 0.27,
            "med": 1.896,
            "max": 970.655,
            "p(90)": 6.124,
            "p(95)": 9.749549999999996
        },
        "http_req_sending": {
            "med": 0.006,
            "max": 20.016,
            "p(90)": 0.028,
            "p(95)": 0.076,
            "avg": 0.025197058470410753,
            "min": 0.001
        },
        "http_req_connecting": {
            "avg": 0.005921911393924842,
            "min": 0,
            "med": 0,
            "max": 8.554,
            "p(90)": 0,
            "p(95)": 0
        },
        "http_req_receiving": {
            "p(95)": 0.133,
            "avg": 0.06000012006243357,
            "min": 0.004,
            "med": 0.015,
            "max": 40.37,
            "p(90)": 0.067
        }
    }
}