{
    "metrics": {
        "vus": {
            "value": 1,
            "min": 1,
            "max": 200
        },
        "http_req_waiting": {
            "avg": 17.875495612944263,
            "min": 0.233,
            "med": 1.219,
            "max": 1025.767,
            "p(90)": 4.571800000000002,
            "p(95)": 8.119799999999993
        },
        "iterations": {
            "count": 84453,
            "rate": 1054.920811550419
        },
        "vus_max": {
            "min": 200,
            "max": 200,
            "value": 200
        },
        "http_req_connecting": {
            "min": 0,
            "med": 0,
            "max": 15.306,
            "p(90)": 0,
            "p(95)": 0,
            "avg": 0.005142753957822703
        },
        "http_req_sending": {
            "p(90)": 0.021,
            "p(95)": 0.052,
            "avg": 0.019603755935247737,
            "min": 0.001,
            "med": 0.005,
            "max": 19.045
        },
        "http_reqs": {
            "count": 84453,
            "rate": 1054.920811550419
        },
        "http_req_failed": {
            "passes": 0,
            "fails": 84453,
            "value": 0
        },
        "http_req_tls_handshaking": {
            "p(90)": 0,
            "p(95)": 0,
            "avg": 0,
            "min": 0,
            "med": 0,
            "max": 0
        },
        "http_req_receiving": {
            "max": 56.699,
            "p(90)": 0.076,
            "p(95)": 0.133,
            "avg": 0.060922560477427466,
            "min": 0.004,
            "med": 0.015
        },
        "data_sent": {
            "count": 7431864,
            "rate": 92833.03141643689
        },
        "checks": {
            "passes": 84453,
            "fails": 0,
            "value": 1
        },
        "data_received": {
            "count": 99753091,
            "rate": 1246037.5796287025
        },
        "http_req_blocked": {
            "p(95)": 0.007,
            "avg": 0.009583709282075508,
            "min": 0,
            "med": 0.002,
            "max": 20.093,
            "p(90)": 0.005
        },
        "iteration_duration": {
            "p(90)": 106.04519140000001,
            "p(95)": 111.2762578,
            "avg": 118.68658450533462,
            "min": 100.271458,
            "med": 101.849042,
            "max": 1126.964875
        },
        "http_req_duration{expected_response:true}": {
            "avg": 17.956021929357263,
            "min": 0.247,
            "med": 1.272,
            "max": 1025.793,
            "p(90)": 4.765,
            "p(95)": 8.497599999999986
        },
        "http_req_duration": {
            "max": 1025.793,
            "p(90)": 4.765,
            "p(95)": 8.497599999999986,
            "avg": 17.956021929357263,
            "min": 0.247,
            "med": 1.272
        }
    },
    "root_group": {
        "name": "",
        "path": "",
        "id": "d41d8cd98f00b204e9800998ecf8427e",
        "groups": {},
        "checks": {
                "status 200": {
                    "passes": 84453,
                    "fails": 0,
                    "name": "status 200",
                    "path": "::status 200",
                    "id": "fad9fa412b86fcb03bee97c80dcd61f1"
                }
            }
    }
}