{
    "root_group": {
        "path": "",
        "id": "d41d8cd98f00b204e9800998ecf8427e",
        "groups": {},
        "checks": {
                "status 200": {
                    "fails": 0,
                    "name": "status 200",
                    "path": "::status 200",
                    "id": "fad9fa412b86fcb03bee97c80dcd61f1",
                    "passes": 61490
                }
            },
        "name": ""
    },
    "metrics": {
        "http_req_tls_handshaking": {
            "min": 0,
            "med": 0,
            "max": 0,
            "p(90)": 0,
            "p(95)": 0,
            "avg": 0
        },
        "data_received": {
            "count": 72627670,
            "rate": 2416018.8619850106
        },
        "iteration_duration": {
            "med": 101.3163745,
            "max": 1318.688541,
            "p(90)": 109.761425,
            "p(95)": 139.0693329999999,
            "avg": 124.64110389614528,
            "min": 100.272333
        },
        "vus_max": {
            "value": 500,
            "min": 500,
            "max": 500
        },
        "http_req_connecting": {
            "p(90)": 0,
            "p(95)": 0,
            "avg": 0.005042543503008617,
            "min": 0,
            "med": 0,
            "max": 2.777
        },
        "http_req_failed": {
            "passes": 0,
            "fails": 61490,
            "value": 0
        },
        "http_req_duration{expected_response:true}": {
            "med": 0.924,
            "max": 1217.6,
            "p(90)": 7.125500000000007,
            "p(95)": 34.15904999999997,
            "avg": 23.977088697348922,
            "min": 0.226
        },
        "http_req_blocked": {
            "avg": 0.00901613270449723,
            "min": 0,
            "med": 0.002,
            "max": 7.376,
            "p(90)": 0.004,
            "p(95)": 0.007
        },
        "checks": {
            "passes": 61490,
            "fails": 0,
            "value": 1
        },
        "iterations": {
            "count": 61490,
            "rate": 2045.5151572872749
        },
        "http_req_duration": {
            "med": 0.924,
            "max": 1217.6,
            "p(90)": 7.125500000000007,
            "p(95)": 34.15904999999997,
            "avg": 23.977088697348922,
            "min": 0.226
        },
        "http_reqs": {
            "count": 61490,
            "rate": 2045.5151572872749
        },
        "http_req_sending": {
            "avg": 0.019270190274835983,
            "min": 0.001,
            "med": 0.004,
            "max": 46.264,
            "p(90)": 0.017,
            "p(95)": 0.038
        },
        "http_req_waiting": {
            "avg": 23.90672569523483,
            "min": 0.208,
            "med": 0.879,
            "max": 1217.587,
            "p(90)": 6.98,
            "p(95)": 33.96069999999996
        },
        "data_sent": {
            "count": 5411120,
            "rate": 180005.3338412802
        },
        "http_req_receiving": {
            "p(95)": 0.129,
            "avg": 0.05109281183932174,
            "min": 0.004,
            "med": 0.017,
            "max": 72.915,
            "p(90)": 0.077
        },
        "vus": {
            "max": 500,
            "value": 1,
            "min": 1
        }
    }
}