{
    "metrics": {
        "http_req_failed": {
            "passes": 0,
            "fails": 17049,
            "value": 0
        },
        "http_req_duration": {
            "avg": 17.321811191272253,
            "min": 0.199,
            "med": 1.711,
            "max": 876.728,
            "p(90)": 5.317800000000002,
            "p(95)": 7.501999999999993
        },
        "http_req_waiting": {
            "max": 876.69,
            "p(90)": 5.203,
            "p(95)": 7.370199999999991,
            "avg": 17.247515690069758,
            "min": 0.185,
            "med": 1.643
        },
        "http_req_sending": {
            "min": 0.001,
            "med": 0.007,
            "max": 6.42,
            "p(90)": 0.028,
            "p(95)": 0.064,
            "avg": 0.021760572467591534
        },
        "checks": {
            "passes": 17049,
            "fails": 0,
            "value": 1
        },
        "http_req_duration{expected_response:true}": {
            "avg": 17.321811191272253,
            "min": 0.199,
            "med": 1.711,
            "max": 876.728,
            "p(90)": 5.317800000000002,
            "p(95)": 7.501999999999993
        },
        "http_reqs": {
            "count": 17049,
            "rate": 340.7048195313609
        },
        "data_sent": {
            "count": 1585357,
            "rate": 31681.55144452928
        },
        "http_req_blocked": {
            "avg": 0.010873365006744597,
            "min": 0,
            "med": 0.003,
            "max": 6.735,
            "p(90)": 0.007,
            "p(95)": 0.01
        },
        "vus_max": {
            "value": 50,
            "min": 50,
            "max": 50
        },
        "http_req_receiving": {
            "max": 7.325,
            "p(90)": 0.094,
            "p(95)": 0.148,
            "avg": 0.052534928734822,
            "min": 0.004,
            "med": 0.028
        },
        "vus": {
            "min": 1,
            "max": 50,
            "value": 1
        },
        "iteration_duration": {
            "avg": 117.85739941527373,
            "min": 100.254083,
            "med": 102.291125,
            "max": 977.398417,
            "p(90)": 106.1104172,
            "p(95)": 108.211167
        },
        "iterations": {
            "count": 17049,
            "rate": 340.7048195313609
        },
        "http_req_connecting": {
            "max": 1.594,
            "p(90)": 0,
            "p(95)": 0,
            "avg": 0.004919643380843454,
            "min": 0,
            "med": 0
        },
        "http_req_tls_handshaking": {
            "avg": 0,
            "min": 0,
            "med": 0,
            "max": 0,
            "p(90)": 0,
            "p(95)": 0
        },
        "data_received": {
            "count": 6659208,
            "rate": 133076.67662981962
        }
    },
    "root_group": {
        "groups": {},
        "checks": {
                "status 200": {
                    "passes": 17049,
                    "fails": 0,
                    "name": "status 200",
                    "path": "::status 200",
                    "id": "fad9fa412b86fcb03bee97c80dcd61f1"
                }
            },
        "name": "",
        "path": "",
        "id": "d41d8cd98f00b204e9800998ecf8427e"
    }
}