{
    "root_group": {
        "name": "",
        "path": "",
        "id": "d41d8cd98f00b204e9800998ecf8427e",
        "groups": {},
        "checks": {
                "status 200": {
                    "path": "::status 200",
                    "id": "fad9fa412b86fcb03bee97c80dcd61f1",
                    "passes": 12788,
                    "fails": 0,
                    "name": "status 200"
                }
            }
    },
    "metrics": {
        "vus_max": {
            "min": 50,
            "max": 50,
            "value": 50
        },
        "http_req_duration{expected_response:true}": {
            "p(90)": 5.740800000000002,
            "p(95)": 7.648399999999991,
            "avg": 17.38176665624018,
            "min": 0.199,
            "med": 2.115,
            "max": 884.377
        },
        "http_req_blocked": {
            "max": 3.355,
            "p(90)": 0.008,
            "p(95)": 0.012,
            "avg": 0.012439239912417745,
            "min": 0,
            "med": 0.004
        },
        "http_req_sending": {
            "avg": 0.026544651235532127,
            "min": 0.001,
            "med": 0.009,
            "max": 5.803,
            "p(90)": 0.031,
            "p(95)": 0.076
        },
        "http_req_duration": {
            "max": 884.377,
            "p(90)": 5.740800000000002,
            "p(95)": 7.648399999999991,
            "avg": 17.38176665624018,
            "min": 0.199,
            "med": 2.115
        },
        "http_req_connecting": {
            "avg": 0.006189005317485143,
            "min": 0,
            "med": 0,
            "max": 1.789,
            "p(90)": 0,
            "p(95)": 0
        },
        "data_sent": {
            "count": 1125344,
            "rate": 27910.403295883152
        },
        "http_req_receiving": {
            "avg": 0.06533195182983959,
            "min": 0.004,
            "med": 0.028,
            "max": 8.487,
            "p(90)": 0.117,
            "p(95)": 0.203
        },
        "iteration_duration": {
            "avg": 118.07697878526767,
            "min": 100.236542,
            "med": 102.77264650000001,
            "max": 984.767584,
            "p(90)": 106.8181288,
            "p(95)": 109.1623728
        },
        "http_req_failed": {
            "passes": 0,
            "fails": 12788,
            "value": 0
        },
        "data_received": {
            "count": 3876778,
            "rate": 96150.54371694992
        },
        "iterations": {
            "count": 12788,
            "rate": 317.163673816854
        },
        "checks": {
            "passes": 12788,
            "fails": 0,
            "value": 1
        },
        "http_req_waiting": {
            "p(95)": 7.495299999999999,
            "avg": 17.289890053174844,
            "min": 0.185,
            "med": 2.025,
            "max": 884.278,
            "p(90)": 5.5877000000000026
        },
        "http_reqs": {
            "count": 12788,
            "rate": 317.163673816854
        },
        "http_req_tls_handshaking": {
            "med": 0,
            "max": 0,
            "p(90)": 0,
            "p(95)": 0,
            "avg": 0,
            "min": 0
        },
        "vus": {
            "min": 3,
            "max": 50,
            "value": 3
        }
    }
}