{
    "root_group": {
        "name": "",
        "path": "",
        "id": "d41d8cd98f00b204e9800998ecf8427e",
        "groups": {},
        "checks": {
                "status 200": {
                    "path": "::status 200",
                    "id": "fad9fa412b86fcb03bee97c80dcd61f1",
                    "passes": 12745,
                    "fails": 0,
                    "name": "status 200"
                }
            }
    },
    "metrics": {
        "vus_max": {
            "max": 50,
            "value": 50,
            "min": 50
        },
        "http_req_receiving": {
            "avg": 0.057740054923498124,
            "min": 0.004,
            "med": 0.026,
            "max": 7.323,
            "p(90)": 0.093,
            "p(95)": 0.15479999999999944
        },
        "checks": {
            "passes": 12745,
            "fails": 0,
            "value": 1
        },
        "http_reqs": {
            "count": 12745,
            "rate": 318.3178073999687
        },
        "http_req_failed": {
            "passes": 0,
            "fails": 12745,
            "value": 0
        },
        "http_req_duration": {
            "med": 1.738,
            "max": 980.215,
            "p(90)": 5.416600000000001,
            "p(95)": 7.815599999999999,
            "avg": 17.979497057669665,
            "min": 0.211
        },
        "http_req_tls_handshaking": {
            "avg": 0,
            "min": 0,
            "med": 0,
            "max": 0,
            "p(90)": 0,
            "p(95)": 0
        },
        "data_received": {
            "count": 3404891,
            "rate": 85040.20694828457
        },
        "iterations": {
            "count": 12745,
            "rate": 318.3178073999687
        },
        "iteration_duration": {
            "min": 100.254625,
            "med": 102.369791,
            "max": 1080.485583,
            "p(90)": 106.3649086,
            "p(95)": 109.03338339999999,
            "avg": 118.59347632601067
        },
        "http_req_waiting": {
            "avg": 17.89962479403686,
            "min": 0.195,
            "med": 1.654,
            "max": 980.166,
            "p(90)": 5.316,
            "p(95)": 7.661799999999997
        },
        "data_sent": {
            "count": 1134305,
            "rate": 28330.284858597213
        },
        "http_req_sending": {
            "avg": 0.022132208709296376,
            "min": 0.001,
            "med": 0.007,
            "max": 4.359,
            "p(90)": 0.029,
            "p(95)": 0.06879999999999944
        },
        "vus": {
            "min": 1,
            "max": 50,
            "value": 1
        },
        "http_req_duration{expected_response:true}": {
            "min": 0.211,
            "med": 1.738,
            "max": 980.215,
            "p(90)": 5.416600000000001,
            "p(95)": 7.815599999999999,
            "avg": 17.979497057669665
        },
        "http_req_blocked": {
            "p(90)": 0.007,
            "p(95)": 0.01,
            "avg": 0.011084896037661718,
            "min": 0,
            "med": 0.003,
            "max": 2.28
        },
        "http_req_connecting": {
            "avg": 0.0055894860729697885,
            "min": 0,
            "med": 0,
            "max": 2.161,
            "p(90)": 0,
            "p(95)": 0
        }
    }
}