{
    "root_group": {
        "path": "",
        "id": "d41d8cd98f00b204e9800998ecf8427e",
        "groups": {},
        "checks": {
                "status 200": {
                    "name": "status 200",
                    "path": "::status 200",
                    "id": "fad9fa412b86fcb03bee97c80dcd61f1",
                    "passes": 12825,
                    "fails": 0
                }
            },
        "name": ""
    },
    "metrics": {
        "vus": {
            "value": 1,
            "min": 1,
            "max": 50
        },
        "vus_max": {
            "value": 50,
            "min": 50,
            "max": 50
        },
        "http_req_failed": {
            "passes": 0,
            "fails": 12825,
            "value": 0
        },
        "data_received": {
            "count": 7722664,
            "rate": 192750.55654995286
        },
        "http_req_receiving": {
            "avg": 0.04696499025341027,
            "min": 0.004,
            "med": 0.027,
            "max": 2.932,
            "p(90)": 0.086,
            "p(95)": 0.12879999999999944
        },
        "http_req_connecting": {
            "p(95)": 0,
            "avg": 0.0049184405458089645,
            "min": 0,
            "med": 0,
            "max": 2.065,
            "p(90)": 0
        },
        "http_req_tls_handshaking": {
            "p(95)": 0,
            "avg": 0,
            "min": 0,
            "med": 0,
            "max": 0,
            "p(90)": 0
        },
        "checks": {
            "passes": 12825,
            "fails": 0,
            "value": 1
        },
        "http_req_waiting": {
            "avg": 17.2977558674465,
            "min": 0.19,
            "med": 1.799,
            "max": 873.676,
            "p(90)": 5.419400000000001,
            "p(95)": 7.324399999999998
        },
        "iteration_duration": {
            "med": 102.359417,
            "max": 973.735042,
            "p(90)": 106.1510838,
            "p(95)": 108.024525,
            "avg": 117.80496134502945,
            "min": 100.237959
        },
        "data_sent": {
            "count": 1308150,
            "rate": 32650.215074852516
        },
        "http_req_sending": {
            "p(95)": 0.055,
            "avg": 0.01658604288498904,
            "min": 0.001,
            "med": 0.007,
            "max": 2.233,
            "p(90)": 0.026
        },
        "http_req_duration": {
            "avg": 17.36130690058481,
            "min": 0.209,
            "med": 1.863,
            "max": 873.687,
            "p(90)": 5.5046,
            "p(95)": 7.380199999999998
        },
        "http_req_duration{expected_response:true}": {
            "med": 1.863,
            "max": 873.687,
            "p(90)": 5.5046,
            "p(95)": 7.380199999999998,
            "avg": 17.36130690058481,
            "min": 0.209
        },
        "http_reqs": {
            "count": 12825,
            "rate": 320.1001477926717
        },
        "iterations": {
            "count": 12825,
            "rate": 320.1001477926717
        },
        "http_req_blocked": {
            "avg": 0.009754152046783551,
            "min": 0,
            "med": 0.003,
            "max": 2.17,
            "p(90)": 0.007,
            "p(95)": 0.01
        }
    }
}