{
    "root_group": {
        "id": "d41d8cd98f00b204e9800998ecf8427e",
        "groups": {},
        "checks": {
                "status 200": {
                    "name": "status 200",
                    "path": "::status 200",
                    "id": "fad9fa412b86fcb03bee97c80dcd61f1",
                    "passes": 65106,
                    "fails": 0
                }
            },
        "name": "",
        "path": ""
    },
    "metrics": {
        "http_req_receiving": {
            "med": 0.018,
            "max": 1.832,
            "p(90)": 0.054,
            "p(95)": 0.071,
            "avg": 0.026161336896755115,
            "min": 0.004
        },
        "http_req_connecting": {
            "avg": 0.0029320185543575154,
            "min": 0,
            "med": 0,
            "max": 1.067,
            "p(90)": 0,
            "p(95)": 0
        },
        "http_req_blocked": {
            "min": 0,
            "med": 0.001,
            "max": 1.192,
            "p(90)": 0.003,
            "p(95)": 0.004,
            "avg": 0.0052311307713563664
        },
        "data_received": {
            "count": 39202571,
            "rate": 1303296.5888748257
        },
        "http_reqs": {
            "count": 65106,
            "rate": 2164.460787923435
        },
        "http_req_sending": {
            "avg": 0.005631201425365911,
            "min": 0.001,
            "med": 0.003,
            "max": 0.975,
            "p(90)": 0.009,
            "p(95)": 0.018
        },
        "http_req_duration{expected_response:true}": {
            "avg": 17.6225127945196,
            "min": 0.189,
            "med": 0.517,
            "max": 931.868,
            "p(90)": 3.6425000000000014,
            "p(95)": 6.977749999999985
        },
        "http_req_waiting": {
            "avg": 17.590720256197493,
            "min": 0.165,
            "med": 0.482,
            "max": 931.849,
            "p(90)": 3.6025000000000014,
            "p(95)": 6.936499999999983
        },
        "iteration_duration": {
            "avg": 117.76504369454459,
            "min": 100.222208,
            "med": 100.6497085,
            "max": 1031.92375,
            "p(90)": 103.82997850000001,
            "p(95)": 107.097552
        },
        "vus_max": {
            "value": 500,
            "min": 500,
            "max": 500
        },
        "data_sent": {
            "count": 6640812,
            "rate": 220775.00036819038
        },
        "http_req_tls_handshaking": {
            "p(90)": 0,
            "p(95)": 0,
            "avg": 0,
            "min": 0,
            "med": 0,
            "max": 0
        },
        "http_req_failed": {
            "passes": 0,
            "fails": 65106,
            "value": 0
        },
        "vus": {
            "value": 1,
            "min": 1,
            "max": 500
        },
        "checks": {
            "passes": 65106,
            "fails": 0,
            "value": 1
        },
        "http_req_duration": {
            "med": 0.517,
            "max": 931.868,
            "p(90)": 3.6425000000000014,
            "p(95)": 6.977749999999985,
            "avg": 17.6225127945196,
            "min": 0.189
        },
        "iterations": {
            "count": 65106,
            "rate": 2164.460787923435
        }
    }
}