{
    "metrics": {
        "http_req_sending": {
            "med": 0.003,
            "max": 4.832,
            "p(90)": 0.012,
            "p(95)": 0.023,
            "avg": 0.007762210261707075,
            "min": 0.001
        },
        "http_reqs": {
            "count": 64843,
            "rate": 2158.3831781720464
        },
        "vus_max": {
            "max": 500,
            "value": 500,
            "min": 500
        },
        "http_req_connecting": {
            "max": 1.529,
            "p(90)": 0,
            "p(95)": 0,
            "avg": 0.0034924047314282163,
            "min": 0,
            "med": 0
        },
        "http_req_blocked": {
            "med": 0.002,
            "max": 1.64,
            "p(90)": 0.004,
            "p(95)": 0.005,
            "avg": 0.006302792899771475,
            "min": 0
        },
        "checks": {
            "passes": 64843,
            "fails": 0,
            "value": 1
        },
        "iteration_duration": {
            "avg": 118.35751860102098,
            "min": 100.222125,
            "med": 100.702542,
            "max": 1172.638791,
            "p(90)": 103.1191338,
            "p(95)": 106.235958
        },
        "http_req_duration{expected_response:true}": {
            "avg": 18.15304975093693,
            "min": 0.183,
            "med": 0.517,
            "max": 1071.331,
            "p(90)": 2.8328000000000015,
            "p(95)": 5.979899999999997
        },
        "http_req_waiting": {
            "p(90)": 2.7808000000000015,
            "p(95)": 5.893799999999994,
            "avg": 18.104026926576633,
            "min": 0.165,
            "med": 0.482,
            "max": 1071.277
        },
        "http_req_failed": {
            "fails": 64843,
            "passes": 0,
            "value": 0
        },
        "data_received": {
            "count": 17321859,
            "rate": 576580.4956628791
        },
        "http_req_tls_handshaking": {
            "med": 0,
            "max": 0,
            "p(90)": 0,
            "p(95)": 0,
            "avg": 0,
            "min": 0
        },
        "vus": {
            "value": 1,
            "min": 1,
            "max": 500
        },
        "iterations": {
            "count": 64843,
            "rate": 2158.3831781720464
        },
        "data_sent": {
            "count": 5771027,
            "rate": 192096.10285731216
        },
        "http_req_receiving": {
            "avg": 0.04126061409867327,
            "min": 0.004,
            "med": 0.017,
            "max": 869.468,
            "p(90)": 0.055,
            "p(95)": 0.077
        },
        "http_req_duration": {
            "avg": 18.15304975093693,
            "min": 0.183,
            "med": 0.517,
            "max": 1071.331,
            "p(90)": 2.8328000000000015,
            "p(95)": 5.979899999999997
        }
    },
    "root_group": {
        "checks": {
            "status 200": {
                "path": "::status 200",
                "id": "fad9fa412b86fcb03bee97c80dcd61f1",
                "passes": 64843,
                "fails": 0,
                "name": "status 200"
            }
        },
        "name": "",
        "path": "",
        "id": "d41d8cd98f00b204e9800998ecf8427e",
        "groups": {}
    }
}