{
    "metrics": {
        "http_req_blocked": {
            "med": 0.002,
            "max": 2.287,
            "p(90)": 0.003,
            "p(95)": 0.004,
            "avg": 0.005266303349457239,
            "min": 0
        },
        "http_req_duration{expected_response:true}": {
            "max": 918.502,
            "p(90)": 3.241,
            "p(95)": 6.665849999999997,
            "avg": 17.159911410813823,
            "min": 0.179,
            "med": 0.526
        },
        "iterations": {
            "count": 65324,
            "rate": 2174.4155991784196
        },
        "data_received": {
            "rate": 659137.5867761553,
            "count": 19801874
        },
        "iteration_duration": {
            "avg": 117.35326205674815,
            "min": 100.216375,
            "med": 100.695875,
            "max": 1018.630375,
            "p(90)": 103.5546288,
            "p(95)": 106.99001694999998
        },
        "http_req_receiving": {
            "max": 7.106,
            "p(90)": 0.055,
            "p(95)": 0.075,
            "avg": 0.027418024003431282,
            "min": 0.004,
            "med": 0.018
        },
        "http_req_waiting": {
            "avg": 17.125449008021633,
            "min": 0.165,
            "med": 0.489,
            "max": 918.493,
            "p(90)": 3.191,
            "p(95)": 6.602699999999994
        },
        "http_req_sending": {
            "p(95)": 0.022,
            "avg": 0.007044378788804981,
            "min": 0.001,
            "med": 0.004,
            "max": 5.607,
            "p(90)": 0.011
        },
        "http_req_duration": {
            "avg": 17.159911410813823,
            "min": 0.179,
            "med": 0.526,
            "max": 918.502,
            "p(90)": 3.241,
            "p(95)": 6.665849999999997
        },
        "http_req_connecting": {
            "p(90)": 0,
            "p(95)": 0,
            "avg": 0.0026445410568856774,
            "min": 0,
            "med": 0,
            "max": 1.349
        },
        "vus_max": {
            "value": 500,
            "min": 500,
            "max": 500
        },
        "http_reqs": {
            "count": 65324,
            "rate": 2174.4155991784196
        },
        "checks": {
            "passes": 65324,
            "fails": 0,
            "value": 1
        },
        "data_sent": {
            "count": 5748512,
            "rate": 191348.57272770093
        },
        "vus": {
            "max": 500,
            "value": 1,
            "min": 1
        },
        "http_req_tls_handshaking": {
            "max": 0,
            "p(90)": 0,
            "p(95)": 0,
            "avg": 0,
            "min": 0,
            "med": 0
        },
        "http_req_failed": {
            "passes": 0,
            "fails": 65324,
            "value": 0
        }
    },
    "root_group": {
        "name": "",
        "path": "",
        "id": "d41d8cd98f00b204e9800998ecf8427e",
        "groups": {},
        "checks": {
                "status 200": {
                    "name": "status 200",
                    "path": "::status 200",
                    "id": "fad9fa412b86fcb03bee97c80dcd61f1",
                    "passes": 65324,
                    "fails": 0
                }
            }
    }
}