{
    "root_group": {
        "id": "d41d8cd98f00b204e9800998ecf8427e",
        "groups": {},
        "checks": {
                "status 200": {
                    "path": "::status 200",
                    "id": "fad9fa412b86fcb03bee97c80dcd61f1",
                    "passes": 86084,
                    "fails": 0,
                    "name": "status 200"
                }
            },
        "name": "",
        "path": ""
    },
    "metrics": {
        "http_req_blocked": {
            "avg": 0.005990265322238029,
            "min": 0,
            "med": 0.002,
            "max": 2.586,
            "p(90)": 0.004,
            "p(95)": 0.005
        },
        "http_req_failed": {
            "passes": 0,
            "fails": 86084,
            "value": 0
        },
        "iteration_duration": {
            "max": 1041.962792,
            "p(90)": 103.8280626,
            "p(95)": 105.68366605,
            "avg": 116.4307005945941,
            "min": 100.217292,
            "med": 101.24056250000001
        },
        "data_sent": {
            "count": 7661476,
            "rate": 95169.53266588454
        },
        "data_received": {
            "count": 22998659,
            "rate": 285685.37302368885
        },
        "http_req_receiving": {
            "max": 888.566,
            "p(90)": 0.059,
            "p(95)": 0.082,
            "avg": 0.04103624366897822,
            "min": 0.003,
            "med": 0.018
        },
        "http_req_sending": {
            "med": 0.004,
            "max": 3.413,
            "p(90)": 0.013,
            "p(95)": 0.028,
            "avg": 0.009380546907671036,
            "min": 0.001
        },
        "http_reqs": {
            "count": 86084,
            "rate": 1069.3205917515118
        },
        "http_req_waiting": {
            "p(95)": 5.217849999999996,
            "avg": 16.12504863853884,
            "min": 0.167,
            "med": 0.864,
            "max": 939.149,
            "p(90)": 3.469
        },
        "iterations": {
            "count": 86084,
            "rate": 1069.3205917515118
        },
        "http_req_duration": {
            "avg": 16.17546542911564,
            "min": 0.185,
            "med": 0.903,
            "max": 939.219,
            "p(90)": 3.525,
            "p(95)": 5.286849999999996
        },
        "http_req_duration{expected_response:true}": {
            "p(90)": 3.525,
            "p(95)": 5.286849999999996,
            "avg": 16.17546542911564,
            "min": 0.185,
            "med": 0.903,
            "max": 939.219
        },
        "vus_max": {
            "value": 200,
            "min": 200,
            "max": 200
        },
        "vus": {
            "value": 9,
            "min": 9,
            "max": 200
        },
        "checks": {
            "passes": 86084,
            "fails": 0,
            "value": 1
        },
        "http_req_connecting": {
            "p(95)": 0,
            "avg": 0.002949363412480833,
            "min": 0,
            "med": 0,
            "max": 1.935,
            "p(90)": 0
        },
        "http_req_tls_handshaking": {
            "avg": 0,
            "min": 0,
            "med": 0,
            "max": 0,
            "p(90)": 0,
            "p(95)": 0
        }
    }
}