{
    "metrics": {
        "data_received": {
            "count": 17813983,
            "rate": 355821.46869476174
        },
        "http_req_waiting": {
            "avg": 19.33869774112586,
            "min": 0.265,
            "med": 2.805,
            "max": 929.423,
            "p(90)": 8.3147,
            "p(95)": 11.209249999999988
        },
        "http_reqs": {
            "rate": 334.2495868070685,
            "count": 16734
        },
        "http_req_connecting": {
            "p(90)": 0,
            "p(95)": 0,
            "avg": 0.0013280148201266877,
            "min": 0,
            "med": 0,
            "max": 0.776
        },
        "http_req_receiving": {
            "avg": 0.033844687462649875,
            "min": 0.004,
            "med": 0.02,
            "max": 4.242,
            "p(90)": 0.055,
            "p(95)": 0.081
        },
        "vus": {
            "max": 50,
            "value": 5,
            "min": 5
        },
        "iterations": {
            "count": 16734,
            "rate": 334.2495868070685
        },
        "http_req_tls_handshaking": {
            "avg": 0,
            "min": 0,
            "med": 0,
            "max": 0,
            "p(90)": 0,
            "p(95)": 0
        },
        "http_req_duration{expected_response:true}": {
            "p(90)": 8.4177,
            "p(95)": 11.31335,
            "avg": 19.400965280267798,
            "min": 0.277,
            "med": 2.8585000000000003,
            "max": 929.442
        },
        "vus_max": {
            "max": 50,
            "value": 50,
            "min": 50
        },
        "http_req_duration": {
            "p(90)": 8.4177,
            "p(95)": 11.31335,
            "avg": 19.400965280267798,
            "min": 0.277,
            "med": 2.8585000000000003,
            "max": 929.442
        },
        "data_sent": {
            "count": 1556569,
            "rate": 31091.343676747452
        },
        "http_req_sending": {
            "p(90)": 0.038,
            "p(95)": 0.105,
            "avg": 0.028422851679214413,
            "min": 0.001,
            "med": 0.009,
            "max": 6.27
        },
        "http_req_blocked": {
            "avg": 0.00729729891239401,
            "min": 0,
            "med": 0.003,
            "max": 2.767,
            "p(90)": 0.008,
            "p(95)": 0.011
        },
        "http_req_failed": {
            "passes": 0,
            "fails": 16734,
            "value": 0
        },
        "checks": {
            "passes": 16734,
            "fails": 0,
            "value": 1
        },
        "iteration_duration": {
            "p(95)": 112.71272554999999,
            "avg": 120.19211151105584,
            "min": 100.35975,
            "med": 103.6049585,
            "max": 1029.617167,
            "p(90)": 109.6146829
        }
    },
    "root_group": {
        "path": "",
        "id": "d41d8cd98f00b204e9800998ecf8427e",
        "groups": {},
        "checks": {
                "status 200": {
                    "path": "::status 200",
                    "id": "fad9fa412b86fcb03bee97c80dcd61f1",
                    "passes": 16734,
                    "fails": 0,
                    "name": "status 200"
                }
            },
        "name": ""
    }
}