{
    "root_group": {
        "name": "",
        "path": "",
        "id": "d41d8cd98f00b204e9800998ecf8427e",
        "groups": {},
        "checks": {
                "status 200": {
                    "fails": 0,
                    "name": "status 200",
                    "path": "::status 200",
                    "id": "fad9fa412b86fcb03bee97c80dcd61f1",
                    "passes": 12351
                }
            }
    },
    "metrics": {
        "checks": {
            "passes": 12351,
            "fails": 0,
            "value": 1
        },
        "http_req_waiting": {
            "max": 906.992,
            "p(90)": 10.802,
            "p(95)": 13.366499999999991,
            "avg": 21.170492024937225,
            "min": 0.276,
            "med": 3.596
        },
        "http_req_duration": {
            "avg": 21.23216209213816,
            "min": 0.285,
            "med": 3.657,
            "max": 907.01,
            "p(90)": 10.892,
            "p(95)": 13.4515
        },
        "http_req_receiving": {
            "p(95)": 0.082,
            "avg": 0.03311294632013515,
            "min": 0.004,
            "med": 0.021,
            "max": 8.483,
            "p(90)": 0.057
        },
        "http_req_sending": {
            "avg": 0.02855712088089922,
            "min": 0.002,
            "med": 0.009,
            "max": 8.706,
            "p(90)": 0.037,
            "p(95)": 0.097
        },
        "data_sent": {
            "count": 1259802,
            "rate": 31467.554437621267
        },
        "http_reqs": {
            "count": 12351,
            "rate": 308.50543566295363
        },
        "http_req_failed": {
            "passes": 0,
            "fails": 12351,
            "value": 0
        },
        "http_req_duration{expected_response:true}": {
            "avg": 21.23216209213816,
            "min": 0.285,
            "med": 3.657,
            "max": 907.01,
            "p(90)": 10.892,
            "p(95)": 13.4515
        },
        "vus": {
            "value": 1,
            "min": 1,
            "max": 50
        },
        "vus_max": {
            "min": 50,
            "max": 50,
            "value": 50
        },
        "data_received": {
            "count": 15352293,
            "rate": 383472.25652905134
        },
        "http_req_tls_handshaking": {
            "avg": 0,
            "min": 0,
            "med": 0,
            "max": 0,
            "p(90)": 0,
            "p(95)": 0
        },
        "iteration_duration": {
            "med": 104.63875,
            "max": 1009.186625,
            "p(90)": 112.209917,
            "p(95)": 115.2155005,
            "avg": 122.16666527220532,
            "min": 100.314084
        },
        "http_req_blocked": {
            "max": 1.316,
            "p(90)": 0.009,
            "p(95)": 0.011,
            "avg": 0.007602056513642733,
            "min": 0,
            "med": 0.004
        },
        "http_req_connecting": {
            "max": 0.814,
            "p(90)": 0,
            "p(95)": 0,
            "avg": 0.0017752408711845197,
            "min": 0,
            "med": 0
        },
        "iterations": {
            "count": 12351,
            "rate": 308.50543566295363
        }
    }
}