{
    "root_group": {
        "groups": {},
        "checks": {
                "status 200": {
                    "name": "status 200",
                    "path": "::status 200",
                    "id": "fad9fa412b86fcb03bee97c80dcd61f1",
                    "passes": 12652,
                    "fails": 0
                }
            },
        "name": "",
        "path": "",
        "id": "d41d8cd98f00b204e9800998ecf8427e"
    },
    "metrics": {
        "http_req_duration{expected_response:true}": {
            "avg": 18.616407050268723,
            "min": 0.288,
            "med": 2.558,
            "max": 1101.264,
            "p(90)": 6.623100000000003,
            "p(95)": 8.91545
        },
        "http_req_blocked": {
            "med": 0.003,
            "max": 3.013,
            "p(90)": 0.008,
            "p(95)": 0.01,
            "avg": 0.007667088207398294,
            "min": 0
        },
        "http_req_receiving": {
            "p(90)": 0.055,
            "p(95)": 0.08144999999999944,
            "avg": 0.03299351881125443,
            "min": 0.004,
            "med": 0.019,
            "max": 3.196
        },
        "http_req_sending": {
            "max": 7.778,
            "p(90)": 0.031,
            "p(95)": 0.071,
            "avg": 0.02488863420802918,
            "min": 0.002,
            "med": 0.008
        },
        "vus": {
            "min": 1,
            "max": 50,
            "value": 1
        },
        "http_req_failed": {
            "passes": 0,
            "fails": 12652,
            "value": 0
        },
        "checks": {
            "passes": 12652,
            "fails": 0,
            "value": 1
        },
        "data_sent": {
            "rate": 27160.951672541058,
            "count": 1113376
        },
        "http_req_duration": {
            "max": 1101.264,
            "p(90)": 6.623100000000003,
            "p(95)": 8.91545,
            "avg": 18.616407050268723,
            "min": 0.288,
            "med": 2.558
        },
        "http_req_waiting": {
            "avg": 18.558524897249416,
            "min": 0.279,
            "med": 2.502,
            "max": 1101.142,
            "p(90)": 6.520600000000001,
            "p(95)": 8.8439
        },
        "data_received": {
            "count": 14271456,
            "rate": 348154.0168934808
        },
        "iteration_duration": {
            "avg": 119.34839283638908,
            "min": 100.342708,
            "med": 103.2149165,
            "max": 1201.520958,
            "p(90)": 107.77351700000001,
            "p(95)": 110.70595845
        },
        "http_req_connecting": {
            "min": 0,
            "med": 0,
            "max": 0.657,
            "p(90)": 0,
            "p(95)": 0,
            "avg": 0.0015020550110654437
        },
        "iterations": {
            "count": 12652,
            "rate": 308.64717809705746
        },
        "vus_max": {
            "value": 50,
            "min": 50,
            "max": 50
        },
        "http_reqs": {
            "count": 12652,
            "rate": 308.64717809705746
        },
        "http_req_tls_handshaking": {
            "avg": 0,
            "min": 0,
            "med": 0,
            "max": 0,
            "p(90)": 0,
            "p(95)": 0
        }
    }
}