{
    "metrics": {
        "vus": {
            "value": 1,
            "min": 1,
            "max": 50
        },
        "http_req_sending": {
            "avg": 0.02798921599496081,
            "min": 0.001,
            "med": 0.008,
            "max": 5.799,
            "p(90)": 0.03,
            "p(95)": 0.082
        },
        "vus_max": {
            "value": 50,
            "min": 50,
            "max": 50
        },
        "http_req_duration{expected_response:true}": {
            "med": 2.713,
            "max": 866.154,
            "p(90)": 8.478600000000002,
            "p(95)": 10.654949999999996,
            "avg": 18.134281328715275,
            "min": 0.265
        },
        "http_reqs": {
            "count": 12704,
            "rate": 316.78379862325227
        },
        "checks": {
            "fails": 0,
            "passes": 12704,
            "value": 1
        },
        "http_req_receiving": {
            "avg": 0.032519993702769444,
            "min": 0.004,
            "med": 0.019,
            "max": 3.775,
            "p(90)": 0.054,
            "p(95)": 0.08184999999999944
        },
        "http_req_duration": {
            "max": 866.154,
            "p(90)": 8.478600000000002,
            "p(95)": 10.654949999999996,
            "avg": 18.134281328715275,
            "min": 0.265,
            "med": 2.713
        },
        "http_req_blocked": {
            "avg": 0.008143104534005307,
            "min": 0,
            "med": 0.003,
            "max": 7.901,
            "p(90)": 0.008,
            "p(95)": 0.011
        },
        "http_req_tls_handshaking": {
            "avg": 0,
            "min": 0,
            "med": 0,
            "max": 0,
            "p(90)": 0,
            "p(95)": 0
        },
        "data_received": {
            "count": 10493504,
            "rate": 261663.41766280637
        },
        "data_sent": {
            "rate": 28193.75807746945,
            "count": 1130656
        },
        "iteration_duration": {
            "p(95)": 112.22709375,
            "avg": 118.99466372512623,
            "min": 100.323167,
            "med": 103.57899950000001,
            "max": 967.364625,
            "p(90)": 109.6383293
        },
        "http_req_connecting": {
            "avg": 0.0020830447103274558,
            "min": 0,
            "med": 0,
            "max": 1.783,
            "p(90)": 0,
            "p(95)": 0
        },
        "iterations": {
            "rate": 316.78379862325227,
            "count": 12704
        },
        "http_req_failed": {
            "passes": 0,
            "fails": 12704,
            "value": 0
        },
        "http_req_waiting": {
            "avg": 18.073772119017537,
            "min": 0.253,
            "med": 2.6455,
            "max": 866.136,
            "p(90)": 8.363700000000001,
            "p(95)": 10.579099999999997
        }
    },
    "root_group": {
        "name": "",
        "path": "",
        "id": "d41d8cd98f00b204e9800998ecf8427e",
        "groups": {},
        "checks": {
                "status 200": {
                    "id": "fad9fa412b86fcb03bee97c80dcd61f1",
                    "passes": 12704,
                    "fails": 0,
                    "name": "status 200",
                    "path": "::status 200"
                }
            }
    }
}