{
    "root_group": {
        "name": "",
        "path": "",
        "id": "d41d8cd98f00b204e9800998ecf8427e",
        "groups": {},
        "checks": {
                "status 200": {
                    "path": "::status 200",
                    "id": "fad9fa412b86fcb03bee97c80dcd61f1",
                    "passes": 64512,
                    "fails": 0,
                    "name": "status 200"
                }
            }
    },
    "metrics": {
        "vus": {
            "value": 1,
            "min": 1,
            "max": 500
        },
        "http_req_connecting": {
            "p(90)": 0,
            "p(95)": 0,
            "avg": 0.0019876922123015887,
            "min": 0,
            "med": 0,
            "max": 2.53
        },
        "http_req_sending": {
            "med": 0.003,
            "max": 32.824,
            "p(90)": 0.013,
            "p(95)": 0.026,
            "avg": 0.00989381820436388,
            "min": 0.001
        },
        "http_req_failed": {
            "passes": 0,
            "fails": 64512,
            "value": 0
        },
        "http_req_tls_handshaking": {
            "max": 0,
            "p(90)": 0,
            "p(95)": 0,
            "avg": 0,
            "min": 0,
            "med": 0
        },
        "iteration_duration": {
            "avg": 118.85889776681728,
            "min": 100.243,
            "med": 101.2467915,
            "max": 1029.109375,
            "p(90)": 105.45685,
            "p(95)": 113.73087719999992
        },
        "vus_max": {
            "value": 500,
            "min": 500,
            "max": 500
        },
        "http_req_receiving": {
            "avg": 0.024408528645833094,
            "min": 0.003,
            "med": 0.01,
            "max": 13.809,
            "p(90)": 0.029,
            "p(95)": 0.04
        },
        "http_reqs": {
            "count": 64512,
            "rate": 2143.0051321903507
        },
        "data_received": {
            "count": 53286912,
            "rate": 1770122.2391892297
        },
        "iterations": {
            "count": 64512,
            "rate": 2143.0051321903507
        },
        "http_req_duration{expected_response:true}": {
            "p(90)": 4.904900000000001,
            "p(95)": 11.63914999999998,
            "avg": 18.47868703497016,
            "min": 0.212,
            "med": 1.018,
            "max": 927.822
        },
        "http_req_duration": {
            "p(95)": 11.63914999999998,
            "avg": 18.47868703497016,
            "min": 0.212,
            "med": 1.018,
            "max": 927.822,
            "p(90)": 4.904900000000001
        },
        "http_req_blocked": {
            "avg": 0.004808640252975254,
            "min": 0,
            "med": 0.002,
            "max": 10.994,
            "p(90)": 0.003,
            "p(95)": 0.005
        },
        "data_sent": {
            "count": 5741568,
            "rate": 190727.45676494122
        },
        "checks": {
            "passes": 64512,
            "fails": 0,
            "value": 1
        },
        "http_req_waiting": {
            "min": 0.203,
            "med": 0.996,
            "max": 927.804,
            "p(90)": 4.860900000000001,
            "p(95)": 11.403799999999988,
            "avg": 18.44438468811996
        }
    }
}