{
    "root_group": {
        "name": "",
        "path": "",
        "id": "d41d8cd98f00b204e9800998ecf8427e",
        "groups": {},
        "checks": {
                "status 200": {
                    "fails": 0,
                    "name": "status 200",
                    "path": "::status 200",
                    "id": "fad9fa412b86fcb03bee97c80dcd61f1",
                    "passes": 84779
                }
            }
    },
    "metrics": {
        "data_received": {
            "rate": 1187520.5987592482,
            "count": 95630712
        },
        "iteration_duration": {
            "avg": 118.29359829877784,
            "min": 100.306375,
            "med": 101.720041,
            "max": 1196.199625,
            "p(90)": 106.1061248,
            "p(95)": 109.19109970000001
        },
        "http_req_duration{expected_response:true}": {
            "avg": 17.917544580615477,
            "min": 0.259,
            "med": 1.395,
            "max": 1096.12,
            "p(90)": 5.368,
            "p(95)": 8.328099999999996
        },
        "http_req_connecting": {
            "avg": 0.0008901378879203575,
            "min": 0,
            "med": 0,
            "max": 1.851,
            "p(90)": 0,
            "p(95)": 0
        },
        "http_req_duration": {
            "p(95)": 8.328099999999996,
            "avg": 17.917544580615477,
            "min": 0.259,
            "med": 1.395,
            "max": 1096.12,
            "p(90)": 5.368
        },
        "http_req_tls_handshaking": {
            "avg": 0,
            "min": 0,
            "med": 0,
            "max": 0,
            "p(90)": 0,
            "p(95)": 0
        },
        "http_req_waiting": {
            "avg": 17.884897462815037,
            "min": 0.249,
            "med": 1.368,
            "max": 1096.103,
            "p(90)": 5.317200000000002,
            "p(95)": 8.273
        },
        "vus": {
            "value": 10,
            "min": 10,
            "max": 200
        },
        "http_req_failed": {
            "passes": 0,
            "fails": 84779,
            "value": 0
        },
        "vus_max": {
            "value": 200,
            "min": 200,
            "max": 200
        },
        "http_req_blocked": {
            "med": 0.002,
            "max": 2.521,
            "p(90)": 0.004,
            "p(95)": 0.006,
            "avg": 0.004058446077447119,
            "min": 0
        },
        "http_reqs": {
            "count": 84779,
            "rate": 1052.7664882617448
        },
        "http_req_receiving": {
            "avg": 0.019398176435206187,
            "min": 0.003,
            "med": 0.012,
            "max": 5.23,
            "p(90)": 0.034,
            "p(95)": 0.049
        },
        "http_req_sending": {
            "avg": 0.013248941365199928,
            "min": 0.001,
            "med": 0.005,
            "max": 10.448,
            "p(90)": 0.018,
            "p(95)": 0.039
        },
        "checks": {
            "passes": 84779,
            "fails": 0,
            "value": 1
        },
        "data_sent": {
            "rate": 92643.45096703355,
            "count": 7460552
        },
        "iterations": {
            "rate": 1052.7664882617448,
            "count": 84779
        }
    }
}