{
    "metrics": {
        "iteration_duration": {
            "p(95)": 112.10256639999999,
            "avg": 118.82727103234959,
            "min": 100.286125,
            "med": 101.310084,
            "max": 1010.128083,
            "p(90)": 105.18128300000001
        },
        "vus_max": {
            "value": 500,
            "min": 500,
            "max": 500
        },
        "http_req_failed": {
            "fails": 64517,
            "passes": 0,
            "value": 0
        },
        "checks": {
            "passes": 64517,
            "fails": 0,
            "value": 1
        },
        "http_req_duration{expected_response:true}": {
            "med": 1.07,
            "max": 909.118,
            "p(90)": 4.8214000000000015,
            "p(95)": 11.668199999999983,
            "avg": 18.5725941999783,
            "min": 0.228
        },
        "data_received": {
            "count": 72775176,
            "rate": 2422172.434629377
        },
        "iterations": {
            "count": 64517,
            "rate": 2147.315988146611
        },
        "vus": {
            "value": 1,
            "min": 1,
            "max": 500
        },
        "http_req_sending": {
            "p(90)": 0.015,
            "p(95)": 0.03,
            "avg": 0.009486383433821632,
            "min": 0.001,
            "med": 0.004,
            "max": 12.67
        },
        "data_sent": {
            "count": 5677496,
            "rate": 188963.80695690177
        },
        "http_req_waiting": {
            "med": 1.049,
            "max": 909.097,
            "p(90)": 4.789,
            "p(95)": 11.61639999999995,
            "avg": 18.54774853139488,
            "min": 0.221
        },
        "http_req_blocked": {
            "avg": 0.0052409287474580474,
            "min": 0,
            "med": 0.002,
            "max": 3.562,
            "p(90)": 0.004,
            "p(95)": 0.005
        },
        "http_req_receiving": {
            "max": 5.197,
            "p(90)": 0.03,
            "p(95)": 0.043,
            "avg": 0.015359285149644722,
            "min": 0.003,
            "med": 0.009
        },
        "http_req_duration": {
            "avg": 18.5725941999783,
            "min": 0.228,
            "med": 1.07,
            "max": 909.118,
            "p(90)": 4.8214000000000015,
            "p(95)": 11.668199999999983
        },
        "http_req_tls_handshaking": {
            "avg": 0,
            "min": 0,
            "med": 0,
            "max": 0,
            "p(90)": 0,
            "p(95)": 0
        },
        "http_reqs": {
            "count": 64517,
            "rate": 2147.315988146611
        },
        "http_req_connecting": {
            "avg": 0.002456081342901867,
            "min": 0,
            "med": 0,
            "max": 2.185,
            "p(90)": 0,
            "p(95)": 0
        }
    },
    "root_group": {
        "path": "",
        "id": "d41d8cd98f00b204e9800998ecf8427e",
        "groups": {},
        "checks": {
                "status 200": {
                    "passes": 64517,
                    "fails": 0,
                    "name": "status 200",
                    "path": "::status 200",
                    "id": "fad9fa412b86fcb03bee97c80dcd61f1"
                }
            },
        "name": ""
    }
}