{
    "root_group": {
        "id": "d41d8cd98f00b204e9800998ecf8427e",
        "groups": {},
        "checks": {
                "status 200": {
                    "name": "status 200",
                    "path": "::status 200",
                    "id": "fad9fa412b86fcb03bee97c80dcd61f1",
                    "passes": 81776,
                    "fails": 0
                }
            },
        "name": "",
        "path": ""
    },
    "metrics": {
        "checks": {
            "passes": 81776,
            "fails": 0,
            "value": 1
        },
        "http_req_tls_handshaking": {
            "med": 0,
            "max": 0,
            "p(90)": 0,
            "p(95)": 0,
            "avg": 0,
            "min": 0
        },
        "vus_max": {
            "value": 200,
            "min": 200,
            "max": 200
        },
        "http_req_blocked": {
            "avg": 0.005175234787712235,
            "min": 0,
            "med": 0.002,
            "max": 19.243,
            "p(90)": 0.005,
            "p(95)": 0.006
        },
        "http_req_waiting": {
            "p(95)": 25.272749999999917,
            "avg": 21.79828280913723,
            "min": 0.225,
            "med": 1.71,
            "max": 1645.534,
            "p(90)": 8.99
        },
        "http_req_failed": {
            "fails": 81776,
            "passes": 0,
            "value": 0
        },
        "data_sent": {
            "count": 7278064,
            "rate": 90912.22053856635
        },
        "vus": {
            "min": 1,
            "max": 200,
            "value": 1
        },
        "http_req_duration": {
            "avg": 21.847095223537337,
            "min": 0.234,
            "med": 1.741,
            "max": 1645.588,
            "p(90)": 9.072500000000005,
            "p(95)": 25.440749999999976
        },
        "http_req_receiving": {
            "avg": 0.027025728820193978,
            "min": 0.003,
            "med": 0.011,
            "max": 22.044,
            "p(90)": 0.036,
            "p(95)": 0.054
        },
        "http_req_sending": {
            "avg": 0.021786685580120903,
            "min": 0.001,
            "med": 0.005,
            "max": 140.092,
            "p(90)": 0.02,
            "p(95)": 0.048
        },
        "http_reqs": {
            "rate": 1021.4856240288354,
            "count": 81776
        },
        "http_req_connecting": {
            "max": 1.522,
            "p(90)": 0,
            "p(95)": 0,
            "avg": 0.0007683550185873606,
            "min": 0,
            "med": 0
        },
        "iterations": {
            "count": 81776,
            "rate": 1021.4856240288354
        },
        "iteration_duration": {
            "avg": 122.8015061800654,
            "min": 100.273708,
            "med": 102.23391699999999,
            "max": 1746.002,
            "p(90)": 110.7024585,
            "p(95)": 130.75348949999986
        },
        "http_req_duration{expected_response:true}": {
            "avg": 21.847095223537337,
            "min": 0.234,
            "med": 1.741,
            "max": 1645.588,
            "p(90)": 9.072500000000005,
            "p(95)": 25.440749999999976
        },
        "data_received": {
            "count": 67546976,
            "rate": 843747.1254478181
        }
    }
}