{
    "metrics": {
        "http_req_tls_handshaking": {
            "avg": 0,
            "min": 0,
            "med": 0,
            "max": 0,
            "p(90)": 0,
            "p(95)": 0
        },
        "checks": {
            "passes": 64549,
            "fails": 0,
            "value": 1
        },
        "iterations": {
            "count": 64549,
            "rate": 2150.1343313486614
        },
        "http_req_blocked": {
            "med": 0.002,
            "max": 2.512,
            "p(90)": 0.004,
            "p(95)": 0.006,
            "avg": 0.005535918449543463,
            "min": 0
        },
        "data_received": {
            "count": 80234407,
            "rate": 2672616.9738663863
        },
        "http_req_waiting": {
            "avg": 17.836178918341126,
            "min": 0.234,
            "med": 1.095,
            "max": 973.39,
            "p(90)": 4.682,
            "p(95)": 11.331799999999992
        },
        "http_req_receiving": {
            "avg": 0.015332569056059899,
            "min": 0.003,
            "med": 0.009,
            "max": 4.987,
            "p(90)": 0.029,
            "p(95)": 0.042
        },
        "http_reqs": {
            "count": 64549,
            "rate": 2150.1343313486614
        },
        "http_req_duration{expected_response:true}": {
            "avg": 17.86169527025983,
            "min": 0.242,
            "med": 1.118,
            "max": 973.416,
            "p(90)": 4.720200000000001,
            "p(95)": 11.389599999999998
        },
        "http_req_failed": {
            "passes": 0,
            "fails": 64549,
            "value": 0
        },
        "vus_max": {
            "value": 500,
            "min": 500,
            "max": 500
        },
        "http_req_duration": {
            "avg": 17.86169527025983,
            "min": 0.242,
            "med": 1.118,
            "max": 973.416,
            "p(90)": 4.720200000000001,
            "p(95)": 11.389599999999998
        },
        "data_sent": {
            "rate": 219313.70179756347,
            "count": 6583998
        },
        "http_req_connecting": {
            "avg": 0.002638011433174796,
            "min": 0,
            "med": 0,
            "max": 2.402,
            "p(90)": 0,
            "p(95)": 0
        },
        "iteration_duration": {
            "med": 101.404125,
            "max": 1073.836625,
            "p(90)": 105.229242,
            "p(95)": 111.88460839999999,
            "avg": 118.14920416757876,
            "min": 100.286417
        },
        "http_req_sending": {
            "max": 4.932,
            "p(90)": 0.017,
            "p(95)": 0.033,
            "avg": 0.010183782862631077,
            "min": 0.001,
            "med": 0.004
        },
        "vus": {
            "value": 1,
            "min": 1,
            "max": 500
        }
    },
    "root_group": {
        "name": "",
        "path": "",
        "id": "d41d8cd98f00b204e9800998ecf8427e",
        "groups": {},
        "checks": {
                "status 200": {
                    "fails": 0,
                    "name": "status 200",
                    "path": "::status 200",
                    "id": "fad9fa412b86fcb03bee97c80dcd61f1",
                    "passes": 64549
                }
            }
    }
}