{
    "metrics": {
        "vus_max": {
            "min": 50,
            "max": 50,
            "value": 50
        },
        "http_req_duration": {
            "max": 1041.194,
            "p(90)": 4.734,
            "p(95)": 9.493499999999994,
            "avg": 19.172349457234798,
            "min": 0.233,
            "med": 1.3415
        },
        "http_req_duration{expected_response:true}": {
            "med": 1.3415,
            "max": 1041.194,
            "p(90)": 4.734,
            "p(95)": 9.493499999999994,
            "avg": 19.172349457234798,
            "min": 0.233
        },
        "data_received": {
            "rate": 130686.32750991973,
            "count": 6545664
        },
        "checks": {
            "passes": 16766,
            "fails": 0,
            "value": 1
        },
        "data_sent": {
            "count": 1558857,
            "rate": 31123.091017676885
        },
        "iteration_duration": {
            "avg": 119.96918994697597,
            "min": 100.288792,
            "med": 101.950875,
            "max": 1141.921458,
            "p(90)": 105.818,
            "p(95)": 111.68139575000001
        },
        "http_req_receiving": {
            "p(90)": 0.077,
            "p(95)": 0.118,
            "avg": 0.07990784921865762,
            "min": 0.004,
            "med": 0.02,
            "max": 107.159
        },
        "http_req_sending": {
            "med": 0.006,
            "max": 20.928,
            "p(90)": 0.021,
            "p(95)": 0.044,
            "avg": 0.017717463915064978,
            "min": 0.001
        },
        "http_req_connecting": {
            "avg": 0.0035582130502206846,
            "min": 0,
            "med": 0,
            "max": 5.849,
            "p(90)": 0,
            "p(95)": 0
        },
        "http_req_blocked": {
            "med": 0.002,
            "max": 14.991,
            "p(90)": 0.005,
            "p(95)": 0.007,
            "avg": 0.008619050459262863,
            "min": 0
        },
        "iterations": {
            "count": 16766,
            "rate": 334.73868610293994
        },
        "http_req_waiting": {
            "min": 0.206,
            "med": 1.29,
            "max": 1041.13,
            "p(90)": 4.605500000000001,
            "p(95)": 9.265499999999998,
            "avg": 19.074724144101054
        },
        "http_req_failed": {
            "passes": 0,
            "fails": 16766,
            "value": 0
        },
        "http_reqs": {
            "rate": 334.73868610293994,
            "count": 16766
        },
        "http_req_tls_handshaking": {
            "min": 0,
            "med": 0,
            "max": 0,
            "p(90)": 0,
            "p(95)": 0,
            "avg": 0
        },
        "vus": {
            "value": 1,
            "min": 1,
            "max": 50
        }
    },
    "root_group": {
        "path": "",
        "id": "d41d8cd98f00b204e9800998ecf8427e",
        "groups": {},
        "checks": {
                "status 200": {
                    "name": "status 200",
                    "path": "::status 200",
                    "id": "fad9fa412b86fcb03bee97c80dcd61f1",
                    "passes": 16766,
                    "fails": 0
                }
            },
        "name": ""
    }
}