{
    "metrics": {
        "vus": {
            "value": 1,
            "min": 1,
            "max": 50
        },
        "http_req_blocked": {
            "med": 0.003,
            "max": 4.218,
            "p(90)": 0.007,
            "p(95)": 0.011,
            "avg": 0.011029616174379663,
            "min": 0
        },
        "http_req_sending": {
            "max": 4.173,
            "p(90)": 0.03,
            "p(95)": 0.065,
            "avg": 0.019426078028746394,
            "min": 0.001,
            "med": 0.007
        },
        "iterations": {
            "count": 12662,
            "rate": 316.37328179412185
        },
        "http_req_waiting": {
            "p(90)": 4.671600000000001,
            "p(95)": 6.512899999999998,
            "avg": 18.423640578107786,
            "min": 0.198,
            "med": 1.7305000000000001,
            "max": 899.462
        },
        "vus_max": {
            "value": 50,
            "min": 50,
            "max": 50
        },
        "iteration_duration": {
            "avg": 119.21605520905094,
            "min": 100.25675,
            "med": 102.59491700000001,
            "max": 999.825583,
            "p(90)": 105.71216700000001,
            "p(95)": 107.8209268
        },
        "http_req_receiving": {
            "min": 0.004,
            "med": 0.026,
            "max": 10.657,
            "p(90)": 0.09,
            "p(95)": 0.146,
            "avg": 0.05414263149581323
        },
        "http_req_failed": {
            "passes": 0,
            "fails": 12662,
            "value": 0
        },
        "checks": {
            "passes": 12662,
            "fails": 0,
            "value": 1
        },
        "data_received": {
            "count": 3382673,
            "rate": 84519.61445635505
        },
        "http_req_connecting": {
            "avg": 0.005030405939030169,
            "min": 0,
            "med": 0,
            "max": 2.335,
            "p(90)": 0,
            "p(95)": 0
        },
        "http_reqs": {
            "count": 12662,
            "rate": 316.37328179412185
        },
        "http_req_duration": {
            "p(90)": 4.7598,
            "p(95)": 6.649599999999996,
            "avg": 18.497209287632362,
            "min": 0.219,
            "med": 1.806,
            "max": 899.505
        },
        "http_req_tls_handshaking": {
            "max": 0,
            "p(90)": 0,
            "p(95)": 0,
            "avg": 0,
            "min": 0,
            "med": 0
        },
        "data_sent": {
            "count": 1126918,
            "rate": 28157.222079676845
        },
        "http_req_duration{expected_response:true}": {
            "min": 0.219,
            "med": 1.806,
            "max": 899.505,
            "p(90)": 4.7598,
            "p(95)": 6.649599999999996,
            "avg": 18.497209287632362
        }
    },
    "root_group": {
        "path": "",
        "id": "d41d8cd98f00b204e9800998ecf8427e",
        "groups": {},
        "checks": {
                "status 200": {
                    "name": "status 200",
                    "path": "::status 200",
                    "id": "fad9fa412b86fcb03bee97c80dcd61f1",
                    "passes": 12662,
                    "fails": 0
                }
            },
        "name": ""
    }
}