{
    "root_group": {
        "checks": {
            "status 200": {
                "path": "::status 200",
                "id": "fad9fa412b86fcb03bee97c80dcd61f1",
                "passes": 12856,
                "fails": 0,
                "name": "status 200"
            }
        },
        "name": "",
        "path": "",
        "id": "d41d8cd98f00b204e9800998ecf8427e",
        "groups": {}
    },
    "metrics": {
        "http_req_waiting": {
            "p(90)": 4.327000000000001,
            "p(95)": 6.970749999999998,
            "avg": 16.733203873677667,
            "min": 0.193,
            "med": 1.424,
            "max": 823.204
        },
        "http_req_receiving": {
            "p(90)": 0.077,
            "p(95)": 0.127,
            "avg": 0.04526462352208986,
            "min": 0.004,
            "med": 0.02,
            "max": 10.606
        },
        "checks": {
            "passes": 12856,
            "fails": 0,
            "value": 1
        },
        "http_req_duration{expected_response:true}": {
            "med": 1.4845000000000002,
            "max": 823.214,
            "p(90)": 4.436000000000002,
            "p(95)": 7.069249999999992,
            "avg": 16.79592330429367,
            "min": 0.211
        },
        "http_req_blocked": {
            "min": 0,
            "med": 0.003,
            "max": 1.955,
            "p(90)": 0.005,
            "p(95)": 0.008,
            "avg": 0.008565728064716989
        },
        "http_req_tls_handshaking": {
            "p(90)": 0,
            "p(95)": 0,
            "avg": 0,
            "min": 0,
            "med": 0,
            "max": 0
        },
        "vus_max": {
            "min": 50,
            "max": 50,
            "value": 50
        },
        "http_req_failed": {
            "passes": 0,
            "fails": 12856,
            "value": 0
        },
        "data_sent": {
            "count": 1131328,
            "rate": 28230.724024415314
        },
        "iterations": {
            "rate": 320.8036820956286,
            "count": 12856
        },
        "http_reqs": {
            "rate": 320.8036820956286,
            "count": 12856
        },
        "iteration_duration": {
            "min": 100.272833,
            "med": 102.0806255,
            "max": 923.259333,
            "p(90)": 105.2878955,
            "p(95)": 108.210625,
            "avg": 117.38024156938411
        },
        "http_req_duration": {
            "min": 0.211,
            "med": 1.4845000000000002,
            "max": 823.214,
            "p(90)": 4.436000000000002,
            "p(95)": 7.069249999999992,
            "avg": 16.79592330429367
        },
        "http_req_connecting": {
            "min": 0,
            "med": 0,
            "max": 1.866,
            "p(90)": 0,
            "p(95)": 0,
            "avg": 0.004273646546359676
        },
        "http_req_sending": {
            "med": 0.006,
            "max": 4.552,
            "p(90)": 0.022,
            "p(95)": 0.051,
            "avg": 0.01745480709396285,
            "min": 0.001
        },
        "data_received": {
            "count": 3897325,
            "rate": 97252.34990069583
        },
        "vus": {
            "max": 50,
            "value": 1,
            "min": 1
        }
    }
}