{
    "metrics": {
        "http_reqs": {
            "count": 85554,
            "rate": 1068.3125127648323
        },
        "http_req_duration": {
            "p(95)": 7.094049999999989,
            "avg": 16.825088809407,
            "min": 0.188,
            "med": 1.111,
            "max": 1140.178,
            "p(90)": 4.322700000000002
        },
        "http_req_waiting": {
            "p(95)": 7.047349999999996,
            "avg": 16.787215524697913,
            "min": 0.178,
            "med": 1.076,
            "max": 1140.14,
            "p(90)": 4.274
        },
        "iteration_duration": {
            "avg": 117.17752925060137,
            "min": 100.21975,
            "med": 101.3889585,
            "max": 1240.309417,
            "p(90)": 104.6349795,
            "p(95)": 107.58710395
        },
        "iterations": {
            "count": 85554,
            "rate": 1068.3125127648323
        },
        "data_sent": {
            "count": 8726508,
            "rate": 108967.8763020129
        },
        "http_req_tls_handshaking": {
            "max": 0,
            "p(90)": 0,
            "p(95)": 0,
            "avg": 0,
            "min": 0,
            "med": 0
        },
        "http_req_duration{expected_response:true}": {
            "avg": 16.825088809407,
            "min": 0.188,
            "med": 1.111,
            "max": 1140.178,
            "p(90)": 4.322700000000002,
            "p(95)": 7.094049999999989
        },
        "checks": {
            "passes": 85554,
            "fails": 0,
            "value": 1
        },
        "http_req_receiving": {
            "avg": 0.029715431189660885,
            "min": 0.004,
            "med": 0.019,
            "max": 92.768,
            "p(90)": 0.059,
            "p(95)": 0.08
        },
        "data_received": {
            "count": 51517644,
            "rate": 643300.6488692999
        },
        "http_req_connecting": {
            "avg": 0.0025574490964770757,
            "min": 0,
            "med": 0,
            "max": 4.608,
            "p(90)": 0,
            "p(95)": 0
        },
        "vus": {
            "value": 1,
            "min": 1,
            "max": 200
        },
        "http_req_blocked": {
            "avg": 0.005331615120270598,
            "min": 0,
            "med": 0.002,
            "max": 6.244,
            "p(90)": 0.004,
            "p(95)": 0.005
        },
        "http_req_sending": {
            "p(95)": 0.024,
            "avg": 0.00815785351941279,
            "min": 0.001,
            "med": 0.004,
            "max": 6.773,
            "p(90)": 0.012
        },
        "http_req_failed": {
            "passes": 0,
            "fails": 85554,
            "value": 0
        },
        "vus_max": {
            "max": 200,
            "value": 200,
            "min": 200
        }
    },
    "root_group": {
        "name": "",
        "path": "",
        "id": "d41d8cd98f00b204e9800998ecf8427e",
        "groups": {},
        "checks": {
                "status 200": {
                    "name": "status 200",
                    "path": "::status 200",
                    "id": "fad9fa412b86fcb03bee97c80dcd61f1",
                    "passes": 85554,
                    "fails": 0
                }
            }
    }
}