{
    "metrics": {
        "http_req_connecting": {
            "min": 0,
            "med": 0,
            "max": 71.853,
            "p(90)": 0,
            "p(95)": 0,
            "avg": 0.010139117051708857
        },
        "data_sent": {
            "count": 5260376,
            "rate": 175124.1478205826
        },
        "iterations": {
            "count": 59777,
            "rate": 1990.0471343248025
        },
        "http_req_receiving": {
            "p(95)": 0.119,
            "avg": 0.049807216822523974,
            "min": 0.004,
            "med": 0.019,
            "max": 43.434,
            "p(90)": 0.076
        },
        "http_req_blocked": {
            "p(95)": 0.007,
            "avg": 0.01668344011909533,
            "min": 0,
            "med": 0.002,
            "max": 71.923,
            "p(90)": 0.005
        },
        "http_req_failed": {
            "passes": 0,
            "fails": 59777,
            "value": 0
        },
        "data_received": {
            "count": 18119195,
            "rate": 603209.4632721998
        },
        "vus": {
            "min": 1,
            "max": 500,
            "value": 1
        },
        "http_req_tls_handshaking": {
            "med": 0,
            "max": 0,
            "p(90)": 0,
            "p(95)": 0,
            "avg": 0,
            "min": 0
        },
        "vus_max": {
            "value": 500,
            "min": 500,
            "max": 500
        },
        "http_req_duration": {
            "avg": 26.863120146544492,
            "min": 0.175,
            "med": 0.813,
            "max": 3946.433,
            "p(90)": 20.952400000000015,
            "p(95)": 62.8517999999999
        },
        "http_req_duration{expected_response:true}": {
            "min": 0.175,
            "med": 0.813,
            "max": 3946.433,
            "p(90)": 20.952400000000015,
            "p(95)": 62.8517999999999,
            "avg": 26.863120146544492
        },
        "http_req_sending": {
            "max": 102.437,
            "p(90)": 0.017,
            "p(95)": 0.032,
            "avg": 0.01983234354350202,
            "min": 0.001,
            "med": 0.004
        },
        "http_reqs": {
            "rate": 1990.0471343248025,
            "count": 59777
        },
        "iteration_duration": {
            "p(95)": 164.24537499999997,
            "avg": 127.5660419929073,
            "min": 100.209542,
            "med": 101.1945,
            "max": 4047.627375,
            "p(90)": 122.7573164
        },
        "http_req_waiting": {
            "max": 3945.827,
            "p(90)": 20.689200000000017,
            "p(95)": 62.712399999999995,
            "avg": 26.79348058617873,
            "min": 0.152,
            "med": 0.766
        },
        "checks": {
            "passes": 59777,
            "fails": 0,
            "value": 1
        }
    },
    "root_group": {
        "path": "",
        "id": "d41d8cd98f00b204e9800998ecf8427e",
        "groups": {},
        "checks": {
                "status 200": {
                    "path": "::status 200",
                    "id": "fad9fa412b86fcb03bee97c80dcd61f1",
                    "passes": 59777,
                    "fails": 0,
                    "name": "status 200"
                }
            },
        "name": ""
    }
}