{
    "root_group": {
        "groups": {},
        "checks": {
                "status 200": {
                    "name": "status 200",
                    "path": "::status 200",
                    "id": "fad9fa412b86fcb03bee97c80dcd61f1",
                    "passes": 60725,
                    "fails": 0
                }
            },
        "name": "",
        "path": "",
        "id": "d41d8cd98f00b204e9800998ecf8427e"
    },
    "metrics": {
        "http_req_duration{expected_response:true}": {
            "avg": 25.531966323590428,
            "min": 0.181,
            "med": 0.789,
            "max": 981.87,
            "p(90)": 39.774200000000015,
            "p(95)": 79.66079999999997
        },
        "data_received": {
            "count": 36563632,
            "rate": 1199065.7791794057
        },
        "checks": {
            "passes": 60725,
            "fails": 0,
            "value": 1
        },
        "data_sent": {
            "rate": 203124.06281050743,
            "count": 6193950
        },
        "http_req_blocked": {
            "med": 0.002,
            "max": 21.078,
            "p(90)": 0.004,
            "p(95)": 0.005,
            "avg": 0.00824820090571532,
            "min": 0
        },
        "http_req_connecting": {
            "p(95)": 0,
            "avg": 0.004501934952655406,
            "min": 0,
            "med": 0,
            "max": 9.672,
            "p(90)": 0
        },
        "http_req_failed": {
            "passes": 0,
            "fails": 60725,
            "value": 0
        },
        "vus": {
            "value": 1,
            "min": 1,
            "max": 500
        },
        "http_req_tls_handshaking": {
            "avg": 0,
            "min": 0,
            "med": 0,
            "max": 0,
            "p(90)": 0,
            "p(95)": 0
        },
        "http_req_receiving": {
            "p(90)": 0.073,
            "p(95)": 0.099,
            "avg": 0.0684639275421927,
            "min": 0.004,
            "med": 0.022,
            "max": 913.561
        },
        "http_reqs": {
            "count": 60725,
            "rate": 1991.412380495171
        },
        "iterations": {
            "count": 60725,
            "rate": 1991.412380495171
        },
        "http_req_sending": {
            "max": 22.185,
            "p(90)": 0.013,
            "p(95)": 0.023,
            "avg": 0.01169225195553506,
            "min": 0.001,
            "med": 0.004
        },
        "http_req_waiting": {
            "avg": 25.451810144092168,
            "min": 0.167,
            "med": 0.744,
            "max": 981.853,
            "p(90)": 39.66980000000003,
            "p(95)": 79.53779999999999
        },
        "iteration_duration": {
            "avg": 126.14993081837724,
            "min": 100.221,
            "med": 101.115833,
            "max": 1082.191875,
            "p(90)": 141.1700336,
            "p(95)": 180.07369979999996
        },
        "vus_max": {
            "value": 500,
            "min": 500,
            "max": 500
        },
        "http_req_duration": {
            "avg": 25.531966323590428,
            "min": 0.181,
            "med": 0.789,
            "max": 981.87,
            "p(90)": 39.774200000000015,
            "p(95)": 79.66079999999997
        }
    }
}