{
    "root_group": {
        "checks": {
            "status 200": {
                "fails": 0,
                "name": "status 200",
                "path": "::status 200",
                "id": "fad9fa412b86fcb03bee97c80dcd61f1",
                "passes": 64931
            }
        },
        "name": "",
        "path": "",
        "id": "d41d8cd98f00b204e9800998ecf8427e",
        "groups": {}
    },
    "metrics": {
        "http_req_duration": {
            "avg": 17.811988572484736,
            "min": 0.178,
            "med": 0.557,
            "max": 1024.895,
            "p(90)": 3.914,
            "p(95)": 13.109499999999997
        },
        "http_req_duration{expected_response:true}": {
            "avg": 17.811988572484736,
            "min": 0.178,
            "med": 0.557,
            "max": 1024.895,
            "p(90)": 3.914,
            "p(95)": 13.109499999999997
        },
        "vus": {
            "value": 1,
            "min": 1,
            "max": 500
        },
        "http_req_receiving": {
            "max": 63.869,
            "p(90)": 0.061,
            "p(95)": 0.088,
            "avg": 0.042826415733626035,
            "min": 0.004,
            "med": 0.018
        },
        "http_req_connecting": {
            "min": 0,
            "med": 0,
            "max": 30.164,
            "p(90)": 0,
            "p(95)": 0,
            "avg": 0.0036704501701806482
        },
        "data_received": {
            "count": 17344291,
            "rate": 577154.6751905587
        },
        "checks": {
            "passes": 64931,
            "fails": 0,
            "value": 1
        },
        "http_req_blocked": {
            "min": 0,
            "med": 0.002,
            "max": 30.469,
            "p(90)": 0.004,
            "p(95)": 0.006,
            "avg": 0.008097842324922012
        },
        "http_req_waiting": {
            "min": 0.167,
            "med": 0.518,
            "max": 1024.84,
            "p(90)": 3.869,
            "p(95)": 13.029999999999902,
            "avg": 17.72664640926526
        },
        "http_req_sending": {
            "p(95)": 0.025,
            "avg": 0.042515747485814,
            "min": 0.001,
            "med": 0.004,
            "max": 56.134,
            "p(90)": 0.012
        },
        "iterations": {
            "count": 64931,
            "rate": 2160.666597141282
        },
        "vus_max": {
            "value": 500,
            "min": 500,
            "max": 500
        },
        "http_reqs": {
            "count": 64931,
            "rate": 2160.666597141282
        },
        "http_req_tls_handshaking": {
            "min": 0,
            "med": 0,
            "max": 0,
            "p(90)": 0,
            "p(95)": 0,
            "avg": 0
        },
        "data_sent": {
            "count": 5778859,
            "rate": 192299.32714557412
        },
        "http_req_failed": {
            "passes": 0,
            "fails": 64931,
            "value": 0
        },
        "iteration_duration": {
            "avg": 118.17679096853657,
            "min": 100.214416,
            "med": 100.751542,
            "max": 1124.986917,
            "p(90)": 104.635667,
            "p(95)": 116.90389549999993
        }
    }
}