{
    "root_group": {
        "checks": {
            "status 200": {
                "name": "status 200",
                "path": "::status 200",
                "id": "fad9fa412b86fcb03bee97c80dcd61f1",
                "passes": 12638,
                "fails": 0
            }
        },
        "name": "",
        "path": "",
        "id": "d41d8cd98f00b204e9800998ecf8427e",
        "groups": {}
    },
    "metrics": {
        "http_req_waiting": {
            "avg": 18.012992641240686,
            "min": 0.256,
            "med": 3.0875000000000004,
            "max": 790.549,
            "p(90)": 9.064900000000002,
            "p(95)": 11.21015
        },
        "iterations": {
            "count": 12638,
            "rate": 312.1493552910489
        },
        "http_req_duration": {
            "max": 790.572,
            "p(90)": 9.198,
            "p(95)": 11.363649999999994,
            "avg": 18.105542095268234,
            "min": 0.284,
            "med": 3.1704999999999997
        },
        "http_req_duration{expected_response:true}": {
            "min": 0.284,
            "med": 3.1704999999999997,
            "max": 790.572,
            "p(90)": 9.198,
            "p(95)": 11.363649999999994,
            "avg": 18.105542095268234
        },
        "http_req_receiving": {
            "p(95)": 0.185,
            "avg": 0.06671538218072294,
            "min": 0.004,
            "med": 0.023,
            "max": 6.75,
            "p(90)": 0.094
        },
        "http_req_failed": {
            "passes": 0,
            "fails": 12638,
            "value": 0
        },
        "http_req_tls_handshaking": {
            "avg": 0,
            "min": 0,
            "med": 0,
            "max": 0,
            "p(90)": 0,
            "p(95)": 0
        },
        "http_req_blocked": {
            "avg": 0.013941446431396845,
            "min": 0,
            "med": 0.004,
            "max": 4.99,
            "p(90)": 0.008,
            "p(95)": 0.011
        },
        "http_req_connecting": {
            "avg": 0.007667273302737774,
            "min": 0,
            "med": 0,
            "max": 4.835,
            "p(90)": 0,
            "p(95)": 0
        },
        "http_req_sending": {
            "p(90)": 0.03,
            "p(95)": 0.066,
            "avg": 0.025834071846810178,
            "min": 0.001,
            "med": 0.008,
            "max": 7.413
        },
        "checks": {
            "passes": 12638,
            "fails": 0,
            "value": 1
        },
        "vus": {
            "value": 2,
            "min": 2,
            "max": 50
        },
        "data_sent": {
            "count": 1112144,
            "rate": 27469.143265612303
        },
        "data_received": {
            "count": 14927454,
            "rate": 368697.19435328286
        },
        "iteration_duration": {
            "max": 891.659833,
            "p(90)": 110.8682705,
            "p(95)": 113.40950179999999,
            "avg": 119.50734358252933,
            "min": 100.35825,
            "med": 104.71452099999999
        },
        "vus_max": {
            "value": 50,
            "min": 50,
            "max": 50
        },
        "http_reqs": {
            "rate": 312.1493552910489,
            "count": 12638
        }
    }
}