{
    "metrics": {
        "iteration_duration": {
            "p(95)": 114.9618086,
            "avg": 121.47323533698344,
            "min": 100.416583,
            "med": 106.1635,
            "max": 941.914833,
            "p(90)": 112.2889498
        },
        "iterations": {
            "count": 12419,
            "rate": 310.22311434230977
        },
        "http_req_duration": {
            "avg": 19.691490699734256,
            "min": 0.3,
            "med": 4.264,
            "max": 839.828,
            "p(90)": 10.084,
            "p(95)": 11.961699999999997
        },
        "vus_max": {
            "value": 50,
            "min": 50,
            "max": 50
        },
        "http_req_failed": {
            "passes": 0,
            "fails": 12419,
            "value": 0
        },
        "http_req_connecting": {
            "max": 12.874,
            "p(90)": 0,
            "p(95)": 0,
            "avg": 0.009836138175376437,
            "min": 0,
            "med": 0
        },
        "http_req_waiting": {
            "p(90)": 9.9696,
            "p(95)": 11.8262,
            "avg": 19.60492294065548,
            "min": 0.277,
            "med": 4.17,
            "max": 839.807
        },
        "vus": {
            "value": 1,
            "min": 1,
            "max": 50
        },
        "http_req_sending": {
            "p(95)": 0.068,
            "avg": 0.030078589258393337,
            "min": 0.001,
            "med": 0.009,
            "max": 11.335,
            "p(90)": 0.03
        },
        "checks": {
            "passes": 12419,
            "fails": 0,
            "value": 1
        },
        "http_req_blocked": {
            "p(95)": 0.012,
            "avg": 0.017009260004830128,
            "min": 0,
            "med": 0.004,
            "max": 12.983,
            "p(90)": 0.008
        },
        "data_received": {
            "count": 16096905,
            "rate": 402096.1430366614
        },
        "http_req_receiving": {
            "avg": 0.056489169820434566,
            "min": 0.004,
            "med": 0.023,
            "max": 9.097,
            "p(90)": 0.07920000000000027,
            "p(95)": 0.149
        },
        "http_req_duration{expected_response:true}": {
            "p(95)": 11.961699999999997,
            "avg": 19.691490699734256,
            "min": 0.3,
            "med": 4.264,
            "max": 839.828,
            "p(90)": 10.084
        },
        "data_sent": {
            "count": 1266738,
            "rate": 31642.7576629156
        },
        "http_req_tls_handshaking": {
            "max": 0,
            "p(90)": 0,
            "p(95)": 0,
            "avg": 0,
            "min": 0,
            "med": 0
        },
        "http_reqs": {
            "count": 12419,
            "rate": 310.22311434230977
        }
    },
    "root_group": {
        "id": "d41d8cd98f00b204e9800998ecf8427e",
        "groups": {},
        "checks": {
                "status 200": {
                    "name": "status 200",
                    "path": "::status 200",
                    "id": "fad9fa412b86fcb03bee97c80dcd61f1",
                    "passes": 12419,
                    "fails": 0
                }
            },
        "name": "",
        "path": ""
    }
}