{
    "root_group": {
        "groups": {},
        "checks": {
                "status 200": {
                    "path": "::status 200",
                    "id": "fad9fa412b86fcb03bee97c80dcd61f1",
                    "passes": 65169,
                    "fails": 0,
                    "name": "status 200"
                }
            },
        "name": "",
        "path": "",
        "id": "d41d8cd98f00b204e9800998ecf8427e"
    },
    "metrics": {
        "data_received": {
            "count": 57356757,
            "rate": 1905837.6256147097
        },
        "iteration_duration": {
            "p(95)": 109.99414979999999,
            "avg": 117.63990497282393,
            "min": 100.250792,
            "med": 101.378125,
            "max": 959.504917,
            "p(90)": 105.5079666
        },
        "checks": {
            "fails": 0,
            "passes": 65169,
            "value": 1
        },
        "vus_max": {
            "value": 500,
            "min": 500,
            "max": 500
        },
        "vus": {
            "value": 1,
            "min": 1,
            "max": 500
        },
        "iterations": {
            "count": 65169,
            "rate": 2165.4211067701235
        },
        "data_sent": {
            "count": 5800041,
            "rate": 192722.478502541
        },
        "http_req_duration": {
            "avg": 17.21777231505771,
            "min": 0.22,
            "med": 0.928,
            "max": 857.228,
            "p(90)": 4.958,
            "p(95)": 9.605799999999977
        },
        "http_req_failed": {
            "passes": 0,
            "fails": 65169,
            "value": 0
        },
        "http_req_sending": {
            "p(90)": 0.014,
            "p(95)": 0.036,
            "avg": 0.01178394635486022,
            "min": 0.001,
            "med": 0.004,
            "max": 10.069
        },
        "http_req_connecting": {
            "p(95)": 0,
            "avg": 0.0037347972195368962,
            "min": 0,
            "med": 0,
            "max": 2.612,
            "p(90)": 0
        },
        "http_req_tls_handshaking": {
            "avg": 0,
            "min": 0,
            "med": 0,
            "max": 0,
            "p(90)": 0,
            "p(95)": 0
        },
        "http_req_duration{expected_response:true}": {
            "avg": 17.21777231505771,
            "min": 0.22,
            "med": 0.928,
            "max": 857.228,
            "p(90)": 4.958,
            "p(95)": 9.605799999999977
        },
        "http_reqs": {
            "count": 65169,
            "rate": 2165.4211067701235
        },
        "http_req_waiting": {
            "p(95)": 9.474599999999997,
            "avg": 17.168291058632136,
            "min": 0.192,
            "med": 0.889,
            "max": 857.203,
            "p(90)": 4.862200000000001
        },
        "http_req_blocked": {
            "p(90)": 0.003,
            "p(95)": 0.005,
            "avg": 0.006458653654342666,
            "min": 0,
            "med": 0.002,
            "max": 2.652
        },
        "http_req_receiving": {
            "max": 7.065,
            "p(90)": 0.065,
            "p(95)": 0.106,
            "avg": 0.03769731007074146,
            "min": 0.003,
            "med": 0.015
        }
    }
}