{
    "metrics": {
        "http_req_waiting": {
            "max": 1005.288,
            "p(90)": 6.675600000000002,
            "p(95)": 10.274799999999995,
            "avg": 17.761854805580494,
            "min": 0.238,
            "med": 1.872
        },
        "http_req_duration": {
            "min": 0.257,
            "med": 1.931,
            "max": 1006.151,
            "p(90)": 6.857,
            "p(95)": 10.398799999999996,
            "avg": 17.884900017809635
        },
        "iteration_duration": {
            "min": 100.302459,
            "med": 102.893292,
            "max": 1109.249875,
            "p(90)": 108.7498088,
            "p(95)": 112.66023320000001,
            "avg": 119.01036163060867
        },
        "data_sent": {
            "count": 7411800,
            "rate": 92384.76696123893
        },
        "checks": {
            "passes": 84225,
            "fails": 0,
            "value": 1
        },
        "http_req_connecting": {
            "med": 0,
            "max": 19.741,
            "p(90)": 0,
            "p(95)": 0,
            "avg": 0.005881899673493612,
            "min": 0
        },
        "iterations": {
            "count": 84225,
            "rate": 1049.826897286806
        },
        "vus_max": {
            "value": 200,
            "min": 200,
            "max": 200
        },
        "http_req_blocked": {
            "p(90)": 0.004,
            "p(95)": 0.006,
            "avg": 0.01081112496288723,
            "min": 0,
            "med": 0.002,
            "max": 51.67
        },
        "http_req_sending": {
            "min": 0.001,
            "med": 0.005,
            "max": 14.471,
            "p(90)": 0.022,
            "p(95)": 0.059,
            "avg": 0.020960344315815338
        },
        "http_reqs": {
            "count": 84225,
            "rate": 1049.826897286806
        },
        "http_req_receiving": {
            "max": 811.556,
            "p(90)": 0.065,
            "p(95)": 0.122,
            "avg": 0.1020848679133207,
            "min": 0.004,
            "med": 0.014
        },
        "http_req_tls_handshaking": {
            "avg": 0,
            "min": 0,
            "med": 0,
            "max": 0,
            "p(90)": 0,
            "p(95)": 0
        },
        "vus": {
            "value": 14,
            "min": 10,
            "max": 200
        },
        "http_req_failed": {
            "passes": 0,
            "fails": 84225,
            "value": 0
        },
        "data_received": {
            "count": 99483728,
            "rate": 1240020.1068182196
        },
        "http_req_duration{expected_response:true}": {
            "avg": 17.884900017809635,
            "min": 0.257,
            "med": 1.931,
            "max": 1006.151,
            "p(90)": 6.857,
            "p(95)": 10.398799999999996
        }
    },
    "root_group": {
        "id": "d41d8cd98f00b204e9800998ecf8427e",
        "groups": {},
        "checks": {
                "status 200": {
                    "name": "status 200",
                    "path": "::status 200",
                    "id": "fad9fa412b86fcb03bee97c80dcd61f1",
                    "passes": 84225,
                    "fails": 0
                }
            },
        "name": "",
        "path": ""
    }
}