{
    "root_group": {
        "id": "d41d8cd98f00b204e9800998ecf8427e",
        "groups": {},
        "checks": {
                "status 200": {
                    "name": "status 200",
                    "path": "::status 200",
                    "id": "fad9fa412b86fcb03bee97c80dcd61f1",
                    "passes": 65346,
                    "fails": 0
                }
            },
        "name": "",
        "path": ""
    },
    "metrics": {
        "http_req_receiving": {
            "avg": 0.036332109080896714,
            "min": 0.004,
            "med": 0.015,
            "max": 12.003,
            "p(90)": 0.067,
            "p(95)": 0.107
        },
        "http_req_connecting": {
            "avg": 0.0037326997826951963,
            "min": 0,
            "med": 0,
            "max": 2.568,
            "p(90)": 0,
            "p(95)": 0
        },
        "http_req_duration": {
            "med": 1.106,
            "max": 852.749,
            "p(90)": 4.847500000000002,
            "p(95)": 8.512749999999997,
            "avg": 16.779876717779374,
            "min": 0.246
        },
        "vus": {
            "value": 1,
            "min": 1,
            "max": 500
        },
        "http_req_waiting": {
            "med": 1.065,
            "max": 852.719,
            "p(90)": 4.772500000000002,
            "p(95)": 8.45224999999999,
            "avg": 16.732870489395083,
            "min": 0.217
        },
        "data_sent": {
            "count": 5750448,
            "rate": 191240.98078028223
        },
        "iteration_duration": {
            "avg": 117.24428657125173,
            "min": 100.274333,
            "med": 101.62072950000001,
            "max": 953.179667,
            "p(90)": 105.450542,
            "p(95)": 109.3028015
        },
        "http_req_tls_handshaking": {
            "avg": 0,
            "min": 0,
            "med": 0,
            "max": 0,
            "p(90)": 0,
            "p(95)": 0
        },
        "http_req_failed": {
            "passes": 0,
            "fails": 65346,
            "value": 0
        },
        "http_req_sending": {
            "avg": 0.010674119303399678,
            "min": 0.001,
            "med": 0.004,
            "max": 5.508,
            "p(90)": 0.014,
            "p(95)": 0.035
        },
        "data_received": {
            "count": 77182290,
            "rate": 2566829.0259242705
        },
        "checks": {
            "passes": 65346,
            "fails": 0,
            "value": 1
        },
        "http_req_blocked": {
            "p(90)": 0.003,
            "p(95)": 0.005,
            "avg": 0.006467557310315659,
            "min": 0,
            "med": 0.002,
            "max": 2.599
        },
        "iterations": {
            "count": 65346,
            "rate": 2173.192963412298
        },
        "http_req_duration{expected_response:true}": {
            "avg": 16.779876717779374,
            "min": 0.246,
            "med": 1.106,
            "max": 852.749,
            "p(90)": 4.847500000000002,
            "p(95)": 8.512749999999997
        },
        "vus_max": {
            "value": 500,
            "min": 500,
            "max": 500
        },
        "http_reqs": {
            "count": 65346,
            "rate": 2173.192963412298
        }
    }
}