{
    "root_group": {
        "name": "",
        "path": "",
        "id": "d41d8cd98f00b204e9800998ecf8427e",
        "groups": {},
        "checks": {
                "status 200": {
                    "name": "status 200",
                    "path": "::status 200",
                    "id": "fad9fa412b86fcb03bee97c80dcd61f1",
                    "passes": 65108,
                    "fails": 0
                }
            }
    },
    "metrics": {
        "vus": {
            "value": 1,
            "min": 1,
            "max": 500
        },
        "iterations": {
            "count": 65108,
            "rate": 2168.614832748562
        },
        "http_req_duration": {
            "med": 1.125,
            "max": 857.074,
            "p(90)": 3.577,
            "p(95)": 7.357249999999985,
            "avg": 17.20290649382558,
            "min": 0.239
        },
        "data_received": {
            "count": 84387986,
            "rate": 2810791.8864867296
        },
        "http_req_receiving": {
            "p(90)": 0.056,
            "p(95)": 0.098,
            "avg": 0.03841523315107816,
            "min": 0.003,
            "med": 0.012,
            "max": 13.03
        },
        "http_req_connecting": {
            "max": 3.578,
            "p(90)": 0,
            "p(95)": 0,
            "avg": 0.0041423173803526465,
            "min": 0,
            "med": 0
        },
        "http_req_tls_handshaking": {
            "avg": 0,
            "min": 0,
            "med": 0,
            "max": 0,
            "p(90)": 0,
            "p(95)": 0
        },
        "http_req_sending": {
            "avg": 0.012823800454628201,
            "min": 0.001,
            "med": 0.003,
            "max": 15.812,
            "p(90)": 0.016,
            "p(95)": 0.042
        },
        "http_reqs": {
            "count": 65108,
            "rate": 2168.614832748562
        },
        "iteration_duration": {
            "med": 101.571396,
            "max": 963.191833,
            "p(90)": 104.45557050000001,
            "p(95)": 108.82950404999998,
            "avg": 117.70969415544907,
            "min": 100.274
        },
        "http_req_failed": {
            "passes": 0,
            "fails": 65108,
            "value": 0
        },
        "http_req_duration{expected_response:true}": {
            "max": 857.074,
            "p(90)": 3.577,
            "p(95)": 7.357249999999985,
            "avg": 17.20290649382558,
            "min": 0.239,
            "med": 1.125
        },
        "http_req_blocked": {
            "p(90)": 0.003,
            "p(95)": 0.005,
            "avg": 0.007018553787550662,
            "min": 0,
            "med": 0.001,
            "max": 3.667
        },
        "vus_max": {
            "value": 500,
            "min": 500,
            "max": 500
        },
        "http_req_waiting": {
            "p(90)": 3.5,
            "p(95)": 7.1226499999999975,
            "avg": 17.151667460219997,
            "min": 0.215,
            "med": 1.087,
            "max": 857.054
        },
        "checks": {
            "passes": 65108,
            "fails": 0,
            "value": 1
        },
        "data_sent": {
            "count": 6641016,
            "rate": 221198.71294035335
        }
    }
}