{
    "root_group": {
        "id": "d41d8cd98f00b204e9800998ecf8427e",
        "groups": {},
        "checks": {
                "status 200": {
                    "passes": 17491,
                    "fails": 0,
                    "name": "status 200",
                    "path": "::status 200",
                    "id": "fad9fa412b86fcb03bee97c80dcd61f1"
                }
            },
        "name": "",
        "path": ""
    },
    "metrics": {
        "http_req_failed": {
            "passes": 0,
            "fails": 17491,
            "value": 0
        },
        "checks": {
            "passes": 17491,
            "fails": 0,
            "value": 1
        },
        "http_req_tls_handshaking": {
            "avg": 0,
            "min": 0,
            "med": 0,
            "max": 0,
            "p(90)": 0,
            "p(95)": 0
        },
        "http_req_duration{expected_response:true}": {
            "p(90)": 2.154,
            "p(95)": 3.2934999999999994,
            "avg": 13.760083814533244,
            "min": 0.076,
            "med": 0.672,
            "max": 804.161
        },
        "http_req_blocked": {
            "avg": 0.00651374992853471,
            "min": 0,
            "med": 0.003,
            "max": 3.382,
            "p(90)": 0.007,
            "p(95)": 0.011
        },
        "http_req_duration": {
            "min": 0.076,
            "med": 0.672,
            "max": 804.161,
            "p(90)": 2.154,
            "p(95)": 3.2934999999999994,
            "avg": 13.760083814533244
        },
        "data_received": {
            "count": 6537473,
            "rate": 130586.30025301188
        },
        "iteration_duration": {
            "avg": 114.8505179144703,
            "min": 100.133667,
            "med": 101.801875,
            "max": 905.0195,
            "p(90)": 104.013584,
            "p(95)": 105.45706249999999
        },
        "vus_max": {
            "value": 50,
            "min": 50,
            "max": 50
        },
        "http_reqs": {
            "count": 17491,
            "rate": 349.38346632183885
        },
        "http_req_waiting": {
            "avg": 13.698999485449663,
            "min": 0.065,
            "med": 0.623,
            "max": 804.135,
            "p(90)": 2.041,
            "p(95)": 3.1944999999999992
        },
        "iterations": {
            "rate": 349.38346632183885,
            "count": 17491
        },
        "data_sent": {
            "count": 1626787,
            "rate": 32495.13927318651
        },
        "http_req_receiving": {
            "p(90)": 0.049,
            "p(95)": 0.088,
            "avg": 0.03266234063232393,
            "min": 0.004,
            "med": 0.016,
            "max": 2.545
        },
        "http_req_connecting": {
            "med": 0,
            "max": 3.289,
            "p(90)": 0,
            "p(95)": 0,
            "avg": 0.0012999828483219943,
            "min": 0
        },
        "http_req_sending": {
            "avg": 0.02842198845120126,
            "min": 0.002,
            "med": 0.008,
            "max": 4.917,
            "p(90)": 0.035,
            "p(95)": 0.11
        },
        "vus": {
            "value": 1,
            "min": 1,
            "max": 50
        }
    }
}