{
    "root_group": {
        "groups": {},
        "checks": {
                "status 200": {
                    "passes": 13200,
                    "fails": 0,
                    "name": "status 200",
                    "path": "::status 200",
                    "id": "fad9fa412b86fcb03bee97c80dcd61f1"
                }
            },
        "name": "",
        "path": "",
        "id": "d41d8cd98f00b204e9800998ecf8427e"
    },
    "metrics": {
        "http_req_duration": {
            "max": 789.201,
            "p(90)": 1.8461000000000003,
            "p(95)": 2.5720499999999995,
            "avg": 13.51435598484849,
            "min": 0.071,
            "med": 0.58
        },
        "data_sent": {
            "count": 1346400,
            "rate": 33586.41384658283
        },
        "iteration_duration": {
            "min": 100.120625,
            "med": 101.6124585,
            "max": 890.436833,
            "p(90)": 103.0459872,
            "p(95)": 104.02665209999999,
            "avg": 114.45751017545389
        },
        "iterations": {
            "rate": 329.2785671233611,
            "count": 13200
        },
        "http_req_duration{expected_response:true}": {
            "p(95)": 2.5720499999999995,
            "avg": 13.51435598484849,
            "min": 0.071,
            "med": 0.58,
            "max": 789.201,
            "p(90)": 1.8461000000000003
        },
        "vus": {
            "value": 4,
            "min": 4,
            "max": 50
        },
        "http_req_waiting": {
            "avg": 13.45515704545454,
            "min": 0.063,
            "med": 0.532,
            "max": 789.136,
            "p(90)": 1.727,
            "p(95)": 2.4430499999999995
        },
        "http_reqs": {
            "count": 13200,
            "rate": 329.2785671233611
        },
        "vus_max": {
            "min": 50,
            "max": 50,
            "value": 50
        },
        "http_req_blocked": {
            "avg": 0.007090984848485026,
            "min": 0,
            "med": 0.003,
            "max": 2.51,
            "p(90)": 0.007,
            "p(95)": 0.01
        },
        "http_req_sending": {
            "min": 0.002,
            "med": 0.007,
            "max": 4.649,
            "p(90)": 0.032,
            "p(95)": 0.081,
            "avg": 0.023898106060604978
        },
        "checks": {
            "fails": 0,
            "passes": 13200,
            "value": 1
        },
        "http_req_receiving": {
            "max": 2.495,
            "p(90)": 0.058,
            "p(95)": 0.11204999999999941,
            "avg": 0.03530083333333256,
            "min": 0.004,
            "med": 0.016
        },
        "http_req_connecting": {
            "max": 0.698,
            "p(90)": 0,
            "p(95)": 0,
            "avg": 0.0014400757575757574,
            "min": 0,
            "med": 0
        },
        "http_req_tls_handshaking": {
            "max": 0,
            "p(90)": 0,
            "p(95)": 0,
            "avg": 0,
            "min": 0,
            "med": 0
        },
        "http_req_failed": {
            "passes": 0,
            "fails": 13200,
            "value": 0
        },
        "data_received": {
            "count": 7695600,
            "rate": 191969.40463291953
        }
    }
}