{
    "root_group": {
        "name": "",
        "path": "",
        "id": "d41d8cd98f00b204e9800998ecf8427e",
        "groups": {},
        "checks": {
                "status 200": {
                    "path": "::status 200",
                    "id": "fad9fa412b86fcb03bee97c80dcd61f1",
                    "passes": 13194,
                    "fails": 0,
                    "name": "status 200"
                }
            }
    },
    "metrics": {
        "http_req_failed": {
            "passes": 0,
            "fails": 13194,
            "value": 0
        },
        "http_req_receiving": {
            "avg": 0.03164332272244868,
            "min": 0.004,
            "med": 0.015,
            "max": 3.51,
            "p(90)": 0.046,
            "p(95)": 0.089
        },
        "vus": {
            "value": 4,
            "min": 4,
            "max": 50
        },
        "http_reqs": {
            "rate": 328.8393451565957,
            "count": 13194
        },
        "http_req_sending": {
            "avg": 0.02079854479308688,
            "min": 0.001,
            "med": 0.007,
            "max": 2.012,
            "p(90)": 0.026,
            "p(95)": 0.07034999999999941
        },
        "http_req_duration{expected_response:true}": {
            "avg": 13.561760951947877,
            "min": 0.056,
            "med": 0.5375000000000001,
            "max": 799.477,
            "p(90)": 1.554,
            "p(95)": 2.19
        },
        "data_sent": {
            "count": 1161072,
            "rate": 28937.862373780423
        },
        "http_req_duration": {
            "max": 799.477,
            "p(90)": 1.554,
            "p(95)": 2.19,
            "avg": 13.561760951947877,
            "min": 0.056,
            "med": 0.5375000000000001
        },
        "data_received": {
            "rate": 94376.89205994297,
            "count": 3786678
        },
        "iterations": {
            "count": 13194,
            "rate": 328.8393451565957
        },
        "iteration_duration": {
            "med": 101.58737500000001,
            "max": 900.866542,
            "p(90)": 102.81461250000001,
            "p(95)": 103.6024817,
            "avg": 114.51322819228442,
            "min": 100.094625
        },
        "http_req_tls_handshaking": {
            "p(95)": 0,
            "avg": 0,
            "min": 0,
            "med": 0,
            "max": 0,
            "p(90)": 0
        },
        "http_req_connecting": {
            "p(90)": 0,
            "p(95)": 0,
            "avg": 0.0012804304987115353,
            "min": 0,
            "med": 0,
            "max": 0.54
        },
        "checks": {
            "passes": 13194,
            "fails": 0,
            "value": 1
        },
        "vus_max": {
            "value": 50,
            "min": 50,
            "max": 50
        },
        "http_req_waiting": {
            "avg": 13.509319084432269,
            "min": 0.044,
            "med": 0.497,
            "max": 799.354,
            "p(90)": 1.4477000000000002,
            "p(95)": 2.028349999999999
        },
        "http_req_blocked": {
            "med": 0.003,
            "max": 2.453,
            "p(90)": 0.006,
            "p(95)": 0.009,
            "avg": 0.006383583447021485,
            "min": 0
        }
    }
}