{
    "metrics": {
        "http_req_connecting": {
            "min": 0,
            "med": 0,
            "max": 1.201,
            "p(90)": 0,
            "p(95)": 0,
            "avg": 0.000953066224937019
        },
        "http_req_sending": {
            "p(90)": 0.102,
            "p(95)": 0.276,
            "avg": 0.05826818971368497,
            "min": 0.001,
            "med": 0.007,
            "max": 8.493
        },
        "checks": {
            "passes": 86931,
            "fails": 0,
            "value": 1
        },
        "data_sent": {
            "count": 8866962,
            "rate": 110751.85405543502
        },
        "http_req_duration": {
            "p(90)": 3.009,
            "p(95)": 4.480499999999997,
            "avg": 14.418116023052798,
            "min": 0.045,
            "med": 0.731,
            "max": 796.144
        },
        "data_received": {
            "count": 50680773,
            "rate": 633022.8521011629
        },
        "vus": {
            "value": 1,
            "min": 1,
            "max": 200
        },
        "http_req_failed": {
            "passes": 0,
            "fails": 86931,
            "value": 0
        },
        "http_req_tls_handshaking": {
            "avg": 0,
            "min": 0,
            "med": 0,
            "max": 0,
            "p(90)": 0,
            "p(95)": 0
        },
        "http_reqs": {
            "count": 86931,
            "rate": 1085.802490739559
        },
        "http_req_blocked": {
            "p(95)": 0.007,
            "avg": 0.005112226938604775,
            "min": 0,
            "med": 0.003,
            "max": 4.848,
            "p(90)": 0.005
        },
        "vus_max": {
            "value": 200,
            "min": 200,
            "max": 200
        },
        "http_req_duration{expected_response:true}": {
            "avg": 14.418116023052798,
            "min": 0.045,
            "med": 0.731,
            "max": 796.144,
            "p(90)": 3.009,
            "p(95)": 4.480499999999997
        },
        "http_req_waiting": {
            "avg": 14.318946969435272,
            "min": 0.038,
            "med": 0.655,
            "max": 796.121,
            "p(90)": 2.791,
            "p(95)": 4.103999999999992
        },
        "http_req_receiving": {
            "p(90)": 0.052,
            "p(95)": 0.119,
            "avg": 0.0409008639035577,
            "min": 0.003,
            "med": 0.014,
            "max": 9.224
        },
        "iterations": {
            "count": 86931,
            "rate": 1085.802490739559
        },
        "iteration_duration": {
            "p(90)": 104.526167,
            "p(95)": 106.262479,
            "avg": 115.19958000350903,
            "min": 100.080625,
            "med": 101.547708,
            "max": 898.961083
        }
    },
    "root_group": {
        "path": "",
        "id": "d41d8cd98f00b204e9800998ecf8427e",
        "groups": {},
        "checks": {
                "status 200": {
                    "passes": 86931,
                    "fails": 0,
                    "name": "status 200",
                    "path": "::status 200",
                    "id": "fad9fa412b86fcb03bee97c80dcd61f1"
                }
            },
        "name": ""
    }
}