{
    "metrics": {
        "http_req_connecting": {
            "med": 0,
            "max": 1.622,
            "p(90)": 0,
            "p(95)": 0,
            "avg": 0.0009282510179199929,
            "min": 0
        },
        "data_received": {
            "count": 21822442,
            "rate": 272642.27491844574
        },
        "http_req_failed": {
            "passes": 0,
            "fails": 86942,
            "value": 0
        },
        "http_req_blocked": {
            "avg": 0.005313645878859609,
            "min": 0,
            "med": 0.003,
            "max": 11.129,
            "p(90)": 0.005,
            "p(95)": 0.007
        },
        "http_reqs": {
            "count": 86942,
            "rate": 1086.2242028623336
        },
        "http_req_sending": {
            "avg": 0.06261509972165957,
            "min": 0.001,
            "med": 0.006,
            "max": 8.948,
            "p(90)": 0.107,
            "p(95)": 0.311
        },
        "data_sent": {
            "count": 7737838,
            "rate": 96673.9540547477
        },
        "http_req_duration": {
            "max": 803.128,
            "p(90)": 2.415900000000002,
            "p(95)": 3.797,
            "avg": 14.457573750316197,
            "min": 0.046,
            "med": 0.613
        },
        "http_req_duration{expected_response:true}": {
            "avg": 14.457573750316197,
            "min": 0.046,
            "med": 0.613,
            "max": 803.128,
            "p(90)": 2.415900000000002,
            "p(95)": 3.797
        },
        "http_req_receiving": {
            "p(90)": 0.045,
            "p(95)": 0.108,
            "avg": 0.03837409997469623,
            "min": 0.003,
            "med": 0.013,
            "max": 17.657
        },
        "http_req_waiting": {
            "min": 0.037,
            "med": 0.542,
            "max": 803.104,
            "p(90)": 2.161900000000002,
            "p(95)": 3.421,
            "avg": 14.356584550620166
        },
        "vus": {
            "value": 2,
            "min": 2,
            "max": 200
        },
        "checks": {
            "passes": 86942,
            "fails": 0,
            "value": 1
        },
        "iteration_duration": {
            "avg": 115.23863410530006,
            "min": 100.083459,
            "med": 101.391291,
            "max": 903.447875,
            "p(90)": 104.0246167,
            "p(95)": 105.57110415
        },
        "iterations": {
            "count": 86942,
            "rate": 1086.2242028623336
        },
        "http_req_tls_handshaking": {
            "avg": 0,
            "min": 0,
            "med": 0,
            "max": 0,
            "p(90)": 0,
            "p(95)": 0
        },
        "vus_max": {
            "max": 200,
            "value": 200,
            "min": 200
        }
    },
    "root_group": {
        "path": "",
        "id": "d41d8cd98f00b204e9800998ecf8427e",
        "groups": {},
        "checks": {
                "status 200": {
                    "fails": 0,
                    "name": "status 200",
                    "path": "::status 200",
                    "id": "fad9fa412b86fcb03bee97c80dcd61f1",
                    "passes": 86942
                }
            },
        "name": ""
    }
}