{
    "root_group": {
        "id": "d41d8cd98f00b204e9800998ecf8427e",
        "groups": {},
        "checks": {
                "status 200": {
                    "passes": 12845,
                    "fails": 0,
                    "name": "status 200",
                    "path": "::status 200",
                    "id": "fad9fa412b86fcb03bee97c80dcd61f1"
                }
            },
        "name": "",
        "path": ""
    },
    "metrics": {
        "http_req_duration{expected_response:true}": {
            "max": 830.051,
            "p(90)": 6.0426,
            "p(95)": 8.269599999999986,
            "avg": 16.969270533281442,
            "min": 0.229,
            "med": 2.207
        },
        "data_received": {
            "count": 7734704,
            "rate": 189562.34909947088
        },
        "http_req_duration": {
            "avg": 16.969270533281442,
            "min": 0.229,
            "med": 2.207,
            "max": 830.051,
            "p(90)": 6.0426,
            "p(95)": 8.269599999999986
        },
        "http_req_receiving": {
            "med": 0.027,
            "max": 9.052,
            "p(90)": 0.096,
            "p(95)": 0.152,
            "avg": 0.05558668742701318,
            "min": 0.004
        },
        "http_req_blocked": {
            "min": 0,
            "med": 0.003,
            "max": 3.347,
            "p(90)": 0.007,
            "p(95)": 0.011,
            "avg": 0.011718333982094032
        },
        "http_req_tls_handshaking": {
            "avg": 0,
            "min": 0,
            "med": 0,
            "max": 0,
            "p(90)": 0,
            "p(95)": 0
        },
        "http_req_failed": {
            "fails": 12845,
            "passes": 0,
            "value": 0
        },
        "iteration_duration": {
            "med": 102.805792,
            "max": 931.197084,
            "p(90)": 106.820567,
            "p(95)": 109.30513359999999,
            "avg": 117.53586142919404,
            "min": 100.263125
        },
        "http_req_connecting": {
            "avg": 0.005634021019852081,
            "min": 0,
            "med": 0,
            "max": 3.031,
            "p(90)": 0,
            "p(95)": 0
        },
        "http_req_waiting": {
            "avg": 16.893734682755948,
            "min": 0.212,
            "med": 2.133,
            "max": 829.986,
            "p(90)": 5.9636000000000005,
            "p(95)": 8.111799999999995
        },
        "data_sent": {
            "count": 1310190,
            "rate": 32110.174373400165
        },
        "checks": {
            "fails": 0,
            "passes": 12845,
            "value": 1
        },
        "vus": {
            "max": 50,
            "value": 1,
            "min": 1
        },
        "http_reqs": {
            "count": 12845,
            "rate": 314.80563111176633
        },
        "http_req_sending": {
            "avg": 0.01994916309848064,
            "min": 0.001,
            "med": 0.008,
            "max": 7.054,
            "p(90)": 0.028,
            "p(95)": 0.055
        },
        "iterations": {
            "rate": 314.80563111176633,
            "count": 12845
        },
        "vus_max": {
            "value": 50,
            "min": 50,
            "max": 50
        }
    }
}