{
    "root_group": {
        "checks": {
            "status 200": {
                "path": "::status 200",
                "id": "fad9fa412b86fcb03bee97c80dcd61f1",
                "passes": 12696,
                "fails": 0,
                "name": "status 200"
            }
        },
        "name": "",
        "path": "",
        "id": "d41d8cd98f00b204e9800998ecf8427e",
        "groups": {}
    },
    "metrics": {
        "http_req_failed": {
            "passes": 0,
            "fails": 12696,
            "value": 0
        },
        "vus_max": {
            "min": 50,
            "max": 50,
            "value": 50
        },
        "http_req_waiting": {
            "med": 2.079,
            "max": 835.216,
            "p(90)": 5.896000000000001,
            "p(95)": 8.133749999999996,
            "avg": 17.57313350661629,
            "min": 0.189
        },
        "http_reqs": {
            "count": 12696,
            "rate": 316.9550980527408
        },
        "http_req_sending": {
            "p(95)": 0.088,
            "avg": 0.030979442344043748,
            "min": 0.001,
            "med": 0.008,
            "max": 6.312,
            "p(90)": 0.033
        },
        "http_req_tls_handshaking": {
            "p(90)": 0,
            "p(95)": 0,
            "avg": 0,
            "min": 0,
            "med": 0,
            "max": 0
        },
        "http_req_receiving": {
            "med": 0.027,
            "max": 830.137,
            "p(90)": 0.127,
            "p(95)": 0.239,
            "avg": 0.20851394139886142,
            "min": 0.004
        },
        "iteration_duration": {
            "avg": 118.89314513051346,
            "min": 100.26,
            "med": 103.0128335,
            "max": 935.517291,
            "p(90)": 107.8111665,
            "p(95)": 111.6404475
        },
        "http_req_duration": {
            "avg": 17.81262689035918,
            "min": 0.207,
            "med": 2.196,
            "max": 835.26,
            "p(90)": 6.0835,
            "p(95)": 8.349249999999998
        },
        "http_req_duration{expected_response:true}": {
            "med": 2.196,
            "max": 835.26,
            "p(90)": 6.0835,
            "p(95)": 8.349249999999998,
            "avg": 17.81262689035918,
            "min": 0.207
        },
        "http_req_connecting": {
            "min": 0,
            "med": 0,
            "max": 4.066,
            "p(90)": 0,
            "p(95)": 0,
            "avg": 0.007451874606175173
        },
        "http_req_blocked": {
            "min": 0,
            "med": 0.004,
            "max": 4.176,
            "p(90)": 0.008,
            "p(95)": 0.011,
            "avg": 0.013998660995588526
        },
        "data_received": {
            "count": 3848826,
            "rate": 96085.7767972541
        },
        "iterations": {
            "count": 12696,
            "rate": 316.9550980527408
        },
        "vus": {
            "value": 1,
            "min": 1,
            "max": 50
        },
        "checks": {
            "fails": 0,
            "passes": 12696,
            "value": 1
        },
        "data_sent": {
            "count": 1117248,
            "rate": 27892.04862864119
        }
    }
}