{
    "root_group": {
        "checks": {
            "status 200": {
                "name": "status 200",
                "path": "::status 200",
                "id": "fad9fa412b86fcb03bee97c80dcd61f1",
                "passes": 85748,
                "fails": 0
            }
        },
        "name": "",
        "path": "",
        "id": "d41d8cd98f00b204e9800998ecf8427e",
        "groups": {}
    },
    "metrics": {
        "http_req_duration": {
            "avg": 16.452174592993558,
            "min": 0.191,
            "med": 0.947,
            "max": 866.564,
            "p(90)": 4.429,
            "p(95)": 6.55
        },
        "http_req_connecting": {
            "avg": 0.0034552992489620764,
            "min": 0,
            "med": 0,
            "max": 2.345,
            "p(90)": 0,
            "p(95)": 0
        },
        "http_req_blocked": {
            "p(90)": 0.004,
            "p(95)": 0.006,
            "avg": 0.006712004944715024,
            "min": 0,
            "med": 0.002,
            "max": 2.433
        },
        "http_req_sending": {
            "avg": 0.0127516910015384,
            "min": 0.001,
            "med": 0.005,
            "max": 7.234,
            "p(90)": 0.016,
            "p(95)": 0.036
        },
        "data_received": {
            "count": 25995761,
            "rate": 324942.45518206607
        },
        "http_req_duration{expected_response:true}": {
            "max": 866.564,
            "p(90)": 4.429,
            "p(95)": 6.55,
            "avg": 16.452174592993558,
            "min": 0.191,
            "med": 0.947
        },
        "iterations": {
            "count": 85748,
            "rate": 1071.8349675145807
        },
        "http_reqs": {
            "count": 85748,
            "rate": 1071.8349675145807
        },
        "http_req_waiting": {
            "max": 866.522,
            "p(90)": 4.331300000000002,
            "p(95)": 6.452649999999997,
            "avg": 16.405098183047958,
            "min": 0.168,
            "med": 0.906
        },
        "iteration_duration": {
            "med": 101.3938335,
            "max": 966.657125,
            "p(90)": 104.98762119999999,
            "p(95)": 107.1643705,
            "avg": 116.80868857235191,
            "min": 100.219583
        },
        "checks": {
            "passes": 85748,
            "fails": 0,
            "value": 1
        },
        "vus": {
            "max": 200,
            "value": 3,
            "min": 3
        },
        "http_req_tls_handshaking": {
            "max": 0,
            "p(90)": 0,
            "p(95)": 0,
            "avg": 0,
            "min": 0,
            "med": 0
        },
        "http_req_receiving": {
            "avg": 0.03432471894388457,
            "min": 0.004,
            "med": 0.017,
            "max": 11.422,
            "p(90)": 0.06,
            "p(95)": 0.094
        },
        "vus_max": {
            "value": 200,
            "min": 200,
            "max": 200
        },
        "data_sent": {
            "count": 7545824,
            "rate": 94321.4771412831
        },
        "http_req_failed": {
            "passes": 0,
            "fails": 85748,
            "value": 0
        }
    }
}