{
    "root_group": {
        "name": "",
        "path": "",
        "id": "d41d8cd98f00b204e9800998ecf8427e",
        "groups": {},
        "checks": {
                "status 200": {
                    "passes": 65009,
                    "fails": 0,
                    "name": "status 200",
                    "path": "::status 200",
                    "id": "fad9fa412b86fcb03bee97c80dcd61f1"
                }
            }
    },
    "metrics": {
        "http_req_blocked": {
            "p(95)": 0.005,
            "avg": 0.005161854512450413,
            "min": 0,
            "med": 0.001,
            "max": 2.727,
            "p(90)": 0.004
        },
        "data_received": {
            "count": 39144177,
            "rate": 1303247.5200570999
        },
        "vus_max": {
            "min": 500,
            "max": 500,
            "value": 500
        },
        "http_req_failed": {
            "passes": 0,
            "fails": 65009,
            "value": 0
        },
        "http_req_duration": {
            "avg": 17.797570951714498,
            "min": 0.184,
            "med": 0.544,
            "max": 908.602,
            "p(90)": 5.023,
            "p(95)": 12.938199999999995
        },
        "checks": {
            "passes": 65009,
            "fails": 0,
            "value": 1
        },
        "http_reqs": {
            "count": 65009,
            "rate": 2164.3785749127387
        },
        "iterations": {
            "count": 65009,
            "rate": 2164.3785749127387
        },
        "vus": {
            "value": 1,
            "min": 1,
            "max": 500
        },
        "http_req_connecting": {
            "avg": 0.0025226045624452036,
            "min": 0,
            "med": 0,
            "max": 1.811,
            "p(90)": 0,
            "p(95)": 0
        },
        "http_req_tls_handshaking": {
            "p(90)": 0,
            "p(95)": 0,
            "avg": 0,
            "min": 0,
            "med": 0,
            "max": 0
        },
        "http_req_waiting": {
            "p(95)": 12.878599999999997,
            "avg": 17.758884492916412,
            "min": 0.165,
            "med": 0.503,
            "max": 908.586,
            "p(90)": 4.983200000000001
        },
        "data_sent": {
            "count": 6630918,
            "rate": 220766.61464109932
        },
        "http_req_sending": {
            "avg": 0.006555415404018743,
            "min": 0.001,
            "med": 0.003,
            "max": 4.77,
            "p(90)": 0.011,
            "p(95)": 0.02
        },
        "http_req_receiving": {
            "max": 7.79,
            "p(90)": 0.067,
            "p(95)": 0.087,
            "avg": 0.032131043393994994,
            "min": 0.004,
            "med": 0.022
        },
        "iteration_duration": {
            "max": 1008.69125,
            "p(90)": 105.2775828,
            "p(95)": 113.0833164,
            "avg": 117.962968886385,
            "min": 100.215083,
            "med": 100.684333
        },
        "http_req_duration{expected_response:true}": {
            "avg": 17.797570951714498,
            "min": 0.184,
            "med": 0.544,
            "max": 908.602,
            "p(90)": 5.023,
            "p(95)": 12.938199999999995
        }
    }
}