{
    "root_group": {
        "name": "",
        "path": "",
        "id": "d41d8cd98f00b204e9800998ecf8427e",
        "groups": {},
        "checks": {
                "status 200": {
                    "name": "status 200",
                    "path": "::status 200",
                    "id": "fad9fa412b86fcb03bee97c80dcd61f1",
                    "passes": 63230,
                    "fails": 0
                }
            }
    },
    "metrics": {
        "iteration_duration": {
            "avg": 121.214323921952,
            "min": 100.217792,
            "med": 100.815437,
            "max": 1379.190667,
            "p(90)": 106.1368538,
            "p(95)": 118.45881495
        },
        "http_req_waiting": {
            "avg": 20.731806674047313,
            "min": 0.163,
            "med": 0.554,
            "max": 1277.962,
            "p(90)": 4.904,
            "p(95)": 15.762199999999988
        },
        "http_req_connecting": {
            "avg": 0.00446590226158469,
            "min": 0,
            "med": 0,
            "max": 49.695,
            "p(90)": 0,
            "p(95)": 0
        },
        "http_reqs": {
            "count": 63230,
            "rate": 2080.6194461149507
        },
        "http_req_failed": {
            "fails": 63230,
            "passes": 0,
            "value": 0
        },
        "checks": {
            "passes": 63230,
            "fails": 0,
            "value": 1
        },
        "http_req_duration{expected_response:true}": {
            "avg": 20.77430936264458,
            "min": 0.183,
            "med": 0.595,
            "max": 1278.093,
            "p(90)": 4.967200000000003,
            "p(95)": 15.822849999999981
        },
        "http_req_tls_handshaking": {
            "avg": 0,
            "min": 0,
            "med": 0,
            "max": 0,
            "p(90)": 0,
            "p(95)": 0
        },
        "data_sent": {
            "count": 5564240,
            "rate": 183094.51125811567
        },
        "http_req_sending": {
            "avg": 0.00917316147398145,
            "min": 0.001,
            "med": 0.004,
            "max": 34.266,
            "p(90)": 0.013,
            "p(95)": 0.024
        },
        "data_received": {
            "rate": 630675.2737118554,
            "count": 19166214
        },
        "http_req_duration": {
            "max": 1278.093,
            "p(90)": 4.967200000000003,
            "p(95)": 15.822849999999981,
            "avg": 20.77430936264458,
            "min": 0.183,
            "med": 0.595
        },
        "iterations": {
            "count": 63230,
            "rate": 2080.6194461149507
        },
        "http_req_receiving": {
            "max": 7.21,
            "p(90)": 0.065,
            "p(95)": 0.095,
            "avg": 0.033329527123205256,
            "min": 0.004,
            "med": 0.018
        },
        "vus": {
            "min": 2,
            "max": 500,
            "value": 2
        },
        "vus_max": {
            "value": 500,
            "min": 500,
            "max": 500
        },
        "http_req_blocked": {
            "avg": 0.007650608888178797,
            "min": 0,
            "med": 0.002,
            "max": 49.872,
            "p(90)": 0.004,
            "p(95)": 0.006
        }
    }
}