{
    "root_group": {
        "id": "d41d8cd98f00b204e9800998ecf8427e",
        "groups": {},
        "checks": {
                "status 200": {
                    "passes": 64312,
                    "fails": 0,
                    "name": "status 200",
                    "path": "::status 200",
                    "id": "fad9fa412b86fcb03bee97c80dcd61f1"
                }
            },
        "name": "",
        "path": ""
    },
    "metrics": {
        "http_req_duration{expected_response:true}": {
            "avg": 18.134711049260154,
            "min": 0.18,
            "med": 0.577,
            "max": 909.527,
            "p(90)": 6.385,
            "p(95)": 22.772199999999955
        },
        "checks": {
            "passes": 64312,
            "fails": 0,
            "value": 1
        },
        "data_received": {
            "count": 17179189,
            "rate": 572064.4987551016
        },
        "vus": {
            "value": 1,
            "min": 1,
            "max": 500
        },
        "http_reqs": {
            "count": 64312,
            "rate": 2141.5802599260123
        },
        "http_req_sending": {
            "p(95)": 0.024,
            "avg": 0.010460551685530492,
            "min": 0.001,
            "med": 0.003,
            "max": 45.929,
            "p(90)": 0.012
        },
        "http_req_connecting": {
            "avg": 0.004722586764522939,
            "min": 0,
            "med": 0,
            "max": 71.277,
            "p(90)": 0,
            "p(95)": 0
        },
        "http_req_blocked": {
            "min": 0,
            "med": 0.002,
            "max": 71.471,
            "p(90)": 0.004,
            "p(95)": 0.006,
            "avg": 0.007857491603424062
        },
        "iteration_duration": {
            "avg": 118.59714982360948,
            "min": 100.207125,
            "med": 100.785375,
            "max": 1010.120334,
            "p(90)": 107.4520081,
            "p(95)": 125.15439549999999
        },
        "http_req_receiving": {
            "avg": 0.03811916905088018,
            "min": 0.003,
            "med": 0.019,
            "max": 23.018,
            "p(90)": 0.07,
            "p(95)": 0.103
        },
        "http_req_duration": {
            "med": 0.577,
            "max": 909.527,
            "p(90)": 6.385,
            "p(95)": 22.772199999999955,
            "avg": 18.134711049260154,
            "min": 0.18
        },
        "http_req_waiting": {
            "p(95)": 22.685199999999956,
            "avg": 18.086131328523223,
            "min": 0.168,
            "med": 0.535,
            "max": 909.496,
            "p(90)": 6.275900000000001
        },
        "vus_max": {
            "value": 500,
            "min": 500,
            "max": 500
        },
        "http_req_failed": {
            "passes": 0,
            "fails": 64312,
            "value": 0
        },
        "data_sent": {
            "count": 5723768,
            "rate": 190600.6431334151
        },
        "iterations": {
            "count": 64312,
            "rate": 2141.5802599260123
        },
        "http_req_tls_handshaking": {
            "avg": 0,
            "min": 0,
            "med": 0,
            "max": 0,
            "p(90)": 0,
            "p(95)": 0
        }
    }
}