{
    "root_group": {
        "checks": {
            "status 200": {
                "name": "status 200",
                "path": "::status 200",
                "id": "fad9fa412b86fcb03bee97c80dcd61f1",
                "passes": 82766,
                "fails": 0
            }
        },
        "name": "",
        "path": "",
        "id": "d41d8cd98f00b204e9800998ecf8427e",
        "groups": {}
    },
    "metrics": {
        "http_reqs": {
            "count": 82766,
            "rate": 1027.448412322449
        },
        "vus_max": {
            "value": 200,
            "min": 200,
            "max": 200
        },
        "http_req_sending": {
            "p(90)": 0.014,
            "p(95)": 0.026,
            "avg": 0.023114986830327967,
            "min": 0.001,
            "med": 0.004,
            "max": 283.937
        },
        "iteration_duration": {
            "min": 100.234916,
            "med": 101.417542,
            "max": 1037.70725,
            "p(90)": 107.24404150000001,
            "p(95)": 125.26576024999999,
            "avg": 121.0527342575086
        },
        "http_req_receiving": {
            "min": 0.004,
            "med": 0.018,
            "max": 385.957,
            "p(90)": 0.063,
            "p(95)": 0.09,
            "avg": 0.04101809921948297
        },
        "http_req_duration{expected_response:true}": {
            "max": 937.596,
            "p(90)": 6.174500000000005,
            "p(95)": 21.690749999999994,
            "avg": 19.81620510837785,
            "min": 0.195,
            "med": 1.0215
        },
        "http_req_waiting": {
            "min": 0.174,
            "med": 0.983,
            "max": 937.566,
            "p(90)": 6.119500000000002,
            "p(95)": 21.565999999999867,
            "avg": 19.752072022328065
        },
        "http_req_blocked": {
            "max": 270.409,
            "p(90)": 0.004,
            "p(95)": 0.006,
            "avg": 0.016484377642977235,
            "min": 0,
            "med": 0.002
        },
        "data_received": {
            "count": 49838945,
            "rate": 618695.4173462032
        },
        "data_sent": {
            "count": 8442132,
            "rate": 104799.73805688981
        },
        "http_req_duration": {
            "p(95)": 21.690749999999994,
            "avg": 19.81620510837785,
            "min": 0.195,
            "med": 1.0215,
            "max": 937.596,
            "p(90)": 6.174500000000005
        },
        "http_req_failed": {
            "passes": 0,
            "fails": 82766,
            "value": 0
        },
        "checks": {
            "passes": 82766,
            "fails": 0,
            "value": 1
        },
        "http_req_tls_handshaking": {
            "p(90)": 0,
            "p(95)": 0,
            "avg": 0,
            "min": 0,
            "med": 0,
            "max": 0
        },
        "vus": {
            "value": 7,
            "min": 7,
            "max": 200
        },
        "http_req_connecting": {
            "med": 0,
            "max": 247.886,
            "p(90)": 0,
            "p(95)": 0,
            "avg": 0.012814368218833838,
            "min": 0
        },
        "iterations": {
            "count": 82766,
            "rate": 1027.448412322449
        }
    }
}