{
    "root_group": {
        "path": "",
        "id": "d41d8cd98f00b204e9800998ecf8427e",
        "groups": {},
        "checks": {
                "status 200": {
                    "id": "fad9fa412b86fcb03bee97c80dcd61f1",
                    "passes": 16956,
                    "fails": 0,
                    "name": "status 200",
                    "path": "::status 200"
                }
            },
        "name": ""
    },
    "metrics": {
        "iteration_duration": {
            "avg": 118.50896437738805,
            "min": 100.126458,
            "med": 102.3956255,
            "max": 1029.579709,
            "p(90)": 107.257396,
            "p(95)": 110.23742725
        },
        "http_req_connecting": {
            "max": 3.364,
            "p(90)": 0,
            "p(95)": 0,
            "avg": 0.0017422741212550132,
            "min": 0,
            "med": 0
        },
        "vus_max": {
            "min": 50,
            "max": 50,
            "value": 50
        },
        "http_reqs": {
            "count": 16956,
            "rate": 338.780887107623
        },
        "checks": {
            "fails": 0,
            "passes": 16956,
            "value": 1
        },
        "http_req_duration": {
            "avg": 17.92301745694732,
            "min": 0.085,
            "med": 1.746,
            "max": 928.875,
            "p(90)": 6.373,
            "p(95)": 9.235749999999998
        },
        "http_req_sending": {
            "avg": 0.03184790044821768,
            "min": 0.002,
            "med": 0.011,
            "max": 7.464,
            "p(90)": 0.041,
            "p(95)": 0.107
        },
        "http_req_duration{expected_response:true}": {
            "avg": 17.92301745694732,
            "min": 0.085,
            "med": 1.746,
            "max": 928.875,
            "p(90)": 6.373,
            "p(95)": 9.235749999999998
        },
        "iterations": {
            "count": 16956,
            "rate": 338.780887107623
        },
        "http_req_tls_handshaking": {
            "avg": 0,
            "min": 0,
            "med": 0,
            "max": 0,
            "p(90)": 0,
            "p(95)": 0
        },
        "http_req_waiting": {
            "avg": 17.851321538098567,
            "min": 0.075,
            "med": 1.671,
            "max": 928.858,
            "p(90)": 6.258000000000003,
            "p(95)": 9.13825
        },
        "http_req_receiving": {
            "med": 0.028,
            "max": 5.735,
            "p(90)": 0.063,
            "p(95)": 0.093,
            "avg": 0.039848018400564934,
            "min": 0.004
        },
        "vus": {
            "value": 1,
            "min": 1,
            "max": 50
        },
        "data_sent": {
            "count": 1576120,
            "rate": 31490.878260678626
        },
        "http_req_failed": {
            "passes": 0,
            "fails": 16956,
            "value": 0
        },
        "http_req_blocked": {
            "avg": 0.008830620429346379,
            "min": 0,
            "med": 0.004,
            "max": 3.515,
            "p(90)": 0.009500000000000376,
            "p(95)": 0.013
        },
        "data_received": {
            "count": 17931508,
            "rate": 358271.53735653684
        }
    }
}