{
    "root_group": {
        "checks": {
            "status 200": {
                "name": "status 200",
                "path": "::status 200",
                "id": "fad9fa412b86fcb03bee97c80dcd61f1",
                "passes": 12653,
                "fails": 0
            }
        },
        "name": "",
        "path": "",
        "id": "d41d8cd98f00b204e9800998ecf8427e",
        "groups": {}
    },
    "metrics": {
        "vus": {
            "value": 1,
            "min": 1,
            "max": 50
        },
        "http_req_duration": {
            "max": 966.051,
            "p(90)": 7.097,
            "p(95)": 9.722199999999996,
            "avg": 18.798731209989747,
            "min": 0.148,
            "med": 1.948
        },
        "data_received": {
            "count": 15727679,
            "rate": 393081.8236459688
        },
        "data_sent": {
            "count": 1290606,
            "rate": 32256.11103128626
        },
        "checks": {
            "passes": 12653,
            "fails": 0,
            "value": 1
        },
        "http_req_duration{expected_response:true}": {
            "avg": 18.798731209989747,
            "min": 0.148,
            "med": 1.948,
            "max": 966.051,
            "p(90)": 7.097,
            "p(95)": 9.722199999999996
        },
        "http_req_connecting": {
            "avg": 0.0018182249268948079,
            "min": 0,
            "med": 0,
            "max": 1.141,
            "p(90)": 0,
            "p(95)": 0
        },
        "http_req_waiting": {
            "avg": 18.729100766616583,
            "min": 0.136,
            "med": 1.882,
            "max": 965.858,
            "p(90)": 6.993800000000002,
            "p(95)": 9.595199999999998
        },
        "vus_max": {
            "value": 50,
            "min": 50,
            "max": 50
        },
        "iterations": {
            "count": 12653,
            "rate": 316.2363826596692
        },
        "http_reqs": {
            "count": 12653,
            "rate": 316.2363826596692
        },
        "http_req_tls_handshaking": {
            "avg": 0,
            "min": 0,
            "med": 0,
            "max": 0,
            "p(90)": 0,
            "p(95)": 0
        },
        "http_req_receiving": {
            "p(90)": 0.059,
            "p(95)": 0.086,
            "avg": 0.038370663083852626,
            "min": 0.004,
            "med": 0.026,
            "max": 14.602
        },
        "iteration_duration": {
            "avg": 119.37479644353184,
            "min": 100.195959,
            "med": 102.51325,
            "max": 1067.484833,
            "p(90)": 107.75525,
            "p(95)": 110.5436502
        },
        "http_req_blocked": {
            "avg": 0.009871730024500291,
            "min": 0,
            "med": 0.004,
            "max": 14.087,
            "p(90)": 0.009,
            "p(95)": 0.013
        },
        "http_req_sending": {
            "avg": 0.031259780289258174,
            "min": 0.002,
            "med": 0.01,
            "max": 17.675,
            "p(90)": 0.036,
            "p(95)": 0.073
        },
        "http_req_failed": {
            "fails": 12653,
            "passes": 0,
            "value": 0
        }
    }
}