{
    "root_group": {
        "id": "d41d8cd98f00b204e9800998ecf8427e",
        "groups": {},
        "checks": {
                "status 200": {
                    "name": "status 200",
                    "path": "::status 200",
                    "id": "fad9fa412b86fcb03bee97c80dcd61f1",
                    "passes": 12582,
                    "fails": 0
                }
            },
        "name": "",
        "path": ""
    },
    "metrics": {
        "http_reqs": {
            "count": 12582,
            "rate": 311.25952768457074
        },
        "iterations": {
            "count": 12582,
            "rate": 311.25952768457074
        },
        "http_req_sending": {
            "min": 0.002,
            "med": 0.007,
            "max": 14.298,
            "p(90)": 0.031,
            "p(95)": 0.07,
            "avg": 0.027289699570814216
        },
        "http_req_duration{expected_response:true}": {
            "avg": 19.205709903036066,
            "min": 0.099,
            "med": 1.301,
            "max": 1057.844,
            "p(90)": 5.330500000000002,
            "p(95)": 11.32195
        },
        "http_req_connecting": {
            "avg": 0.0039543792719758395,
            "min": 0,
            "med": 0,
            "max": 29.602,
            "p(90)": 0,
            "p(95)": 0
        },
        "data_received": {
            "count": 14079258,
            "rate": 348299.41147903464
        },
        "vus": {
            "max": 50,
            "value": 3,
            "min": 3
        },
        "http_req_waiting": {
            "max": 1057.755,
            "p(90)": 5.209,
            "p(95)": 11.115849999999998,
            "avg": 19.14241114290247,
            "min": 0.088,
            "med": 1.25
        },
        "http_req_duration": {
            "min": 0.099,
            "med": 1.301,
            "max": 1057.844,
            "p(90)": 5.330500000000002,
            "p(95)": 11.32195,
            "avg": 19.205709903036066
        },
        "http_req_tls_handshaking": {
            "avg": 0,
            "min": 0,
            "med": 0,
            "max": 0,
            "p(90)": 0,
            "p(95)": 0
        },
        "vus_max": {
            "value": 50,
            "min": 50,
            "max": 50
        },
        "data_sent": {
            "count": 1107216,
            "rate": 27390.838436242226
        },
        "checks": {
            "passes": 12582,
            "fails": 0,
            "value": 1
        },
        "iteration_duration": {
            "min": 100.1405,
            "med": 102.1398545,
            "max": 1158.842167,
            "p(90)": 107.166425,
            "p(95)": 114.29454614999997,
            "avg": 120.18618458758571
        },
        "http_req_receiving": {
            "max": 8.754,
            "p(90)": 0.053,
            "p(95)": 0.083,
            "avg": 0.03600906056270783,
            "min": 0.004,
            "med": 0.015
        },
        "http_req_failed": {
            "fails": 12582,
            "passes": 0,
            "value": 0
        },
        "http_req_blocked": {
            "avg": 0.010442616436178229,
            "min": 0,
            "med": 0.003,
            "max": 33.324,
            "p(90)": 0.007,
            "p(95)": 0.011
        }
    }
}