{
    "root_group": {
        "path": "",
        "id": "d41d8cd98f00b204e9800998ecf8427e",
        "groups": {},
        "checks": {
                "status 200": {
                    "name": "status 200",
                    "path": "::status 200",
                    "id": "fad9fa412b86fcb03bee97c80dcd61f1",
                    "passes": 12651,
                    "fails": 0
                }
            },
        "name": ""
    },
    "metrics": {
        "http_req_failed": {
            "passes": 0,
            "fails": 12651,
            "value": 0
        },
        "data_sent": {
            "count": 1125939,
            "rate": 27561.38038983303
        },
        "http_req_duration{expected_response:true}": {
            "p(90)": 5.969,
            "p(95)": 7.662999999999995,
            "avg": 18.44836186862704,
            "min": 0.084,
            "med": 2.124,
            "max": 906.489
        },
        "http_req_sending": {
            "min": 0.001,
            "med": 0.011,
            "max": 6.179,
            "p(90)": 0.042,
            "p(95)": 0.133,
            "avg": 0.03654082681210874
        },
        "checks": {
            "passes": 12651,
            "fails": 0,
            "value": 1
        },
        "iteration_duration": {
            "p(95)": 108.6182085,
            "avg": 119.36291307098237,
            "min": 100.117208,
            "med": 103.221917,
            "max": 1006.901709,
            "p(90)": 106.698083
        },
        "iterations": {
            "count": 12651,
            "rate": 309.6784313464385
        },
        "vus": {
            "value": 1,
            "min": 1,
            "max": 50
        },
        "http_req_blocked": {
            "avg": 0.009768555845388016,
            "min": 0,
            "med": 0.005,
            "max": 2.318,
            "p(90)": 0.01,
            "p(95)": 0.014
        },
        "http_reqs": {
            "count": 12651,
            "rate": 309.6784313464385
        },
        "http_req_connecting": {
            "avg": 0.002095960793613153,
            "min": 0,
            "med": 0,
            "max": 1.125,
            "p(90)": 0,
            "p(95)": 0
        },
        "data_received": {
            "rate": 253007.27841004028,
            "count": 10335867
        },
        "http_req_duration": {
            "max": 906.489,
            "p(90)": 5.969,
            "p(95)": 7.662999999999995,
            "avg": 18.44836186862704,
            "min": 0.084,
            "med": 2.124
        },
        "http_req_receiving": {
            "max": 2.199,
            "p(90)": 0.057,
            "p(95)": 0.084,
            "avg": 0.036012568176428006,
            "min": 0.004,
            "med": 0.027
        },
        "vus_max": {
            "value": 50,
            "min": 50,
            "max": 50
        },
        "http_req_waiting": {
            "max": 906.477,
            "p(90)": 5.849,
            "p(95)": 7.4944999999999995,
            "avg": 18.375808473638383,
            "min": 0.075,
            "med": 2.042
        },
        "http_req_tls_handshaking": {
            "med": 0,
            "max": 0,
            "p(90)": 0,
            "p(95)": 0,
            "avg": 0,
            "min": 0
        }
    }
}