{
    "metrics": {
        "http_req_waiting": {
            "p(95)": 11.044599999999985,
            "avg": 18.009317072881718,
            "min": 0.065,
            "med": 1.751,
            "max": 871.325,
            "p(90)": 7.857300000000002
        },
        "vus": {
            "value": 2,
            "min": 2,
            "max": 200
        },
        "http_req_failed": {
            "passes": 0,
            "fails": 84438,
            "value": 0
        },
        "data_received": {
            "count": 94486122,
            "rate": 1180901.5891908314
        },
        "checks": {
            "passes": 84438,
            "fails": 0,
            "value": 1
        },
        "http_reqs": {
            "count": 84438,
            "rate": 1055.318667730859
        },
        "http_req_tls_handshaking": {
            "avg": 0,
            "min": 0,
            "med": 0,
            "max": 0,
            "p(90)": 0,
            "p(95)": 0
        },
        "data_sent": {
            "count": 7430544,
            "rate": 92868.0427603156
        },
        "http_req_receiving": {
            "max": 23.771,
            "p(90)": 0.039,
            "p(95)": 0.061,
            "avg": 0.028680700632416022,
            "min": 0.003,
            "med": 0.018
        },
        "iteration_duration": {
            "avg": 118.72031443277915,
            "min": 100.111875,
            "med": 102.78872899999999,
            "max": 973.437625,
            "p(90)": 108.86002500000001,
            "p(95)": 112.02029815
        },
        "vus_max": {
            "value": 200,
            "min": 200,
            "max": 200
        },
        "http_req_duration{expected_response:true}": {
            "avg": 18.069652455055714,
            "min": 0.073,
            "med": 1.8155000000000001,
            "max": 871.361,
            "p(90)": 7.948300000000002,
            "p(95)": 11.175149999999997
        },
        "http_req_sending": {
            "med": 0.008,
            "max": 12.644,
            "p(90)": 0.038,
            "p(95)": 0.116,
            "avg": 0.03165468154148622,
            "min": 0.001
        },
        "http_req_blocked": {
            "p(90)": 0.008,
            "p(95)": 0.01,
            "avg": 0.006350233307276519,
            "min": 0,
            "med": 0.004,
            "max": 7.036
        },
        "http_req_duration": {
            "avg": 18.069652455055714,
            "min": 0.073,
            "med": 1.8155000000000001,
            "max": 871.361,
            "p(90)": 7.948300000000002,
            "p(95)": 11.175149999999997
        },
        "http_req_connecting": {
            "avg": 0.001157369904545346,
            "min": 0,
            "med": 0,
            "max": 6.992,
            "p(90)": 0,
            "p(95)": 0
        },
        "iterations": {
            "count": 84438,
            "rate": 1055.318667730859
        }
    },
    "root_group": {
        "name": "",
        "path": "",
        "id": "d41d8cd98f00b204e9800998ecf8427e",
        "groups": {},
        "checks": {
                "status 200": {
                    "path": "::status 200",
                    "id": "fad9fa412b86fcb03bee97c80dcd61f1",
                    "passes": 84438,
                    "fails": 0,
                    "name": "status 200"
                }
            }
    }
}