{
    "root_group": {
        "name": "",
        "path": "",
        "id": "d41d8cd98f00b204e9800998ecf8427e",
        "groups": {},
        "checks": {
                "status 200": {
                    "passes": 84645,
                    "fails": 0,
                    "name": "status 200",
                    "path": "::status 200",
                    "id": "fad9fa412b86fcb03bee97c80dcd61f1"
                }
            }
    },
    "metrics": {
        "http_reqs": {
            "count": 84645,
            "rate": 1057.5295579792562
        },
        "http_req_waiting": {
            "max": 889.45,
            "p(90)": 7.772,
            "p(95)": 10.783,
            "avg": 17.73657371374585,
            "min": 0.058,
            "med": 1.771
        },
        "http_req_tls_handshaking": {
            "max": 0,
            "p(90)": 0,
            "p(95)": 0,
            "avg": 0,
            "min": 0,
            "med": 0
        },
        "http_req_duration": {
            "avg": 17.796629511489332,
            "min": 0.064,
            "med": 1.836,
            "max": 889.501,
            "p(90)": 7.856,
            "p(95)": 10.898799999999996
        },
        "vus_max": {
            "value": 200,
            "min": 200,
            "max": 200
        },
        "http_req_failed": {
            "passes": 0,
            "fails": 84645,
            "value": 0
        },
        "vus": {
            "max": 200,
            "value": 2,
            "min": 2
        },
        "http_req_duration{expected_response:true}": {
            "avg": 17.796629511489332,
            "min": 0.064,
            "med": 1.836,
            "max": 889.501,
            "p(90)": 7.856,
            "p(95)": 10.898799999999996
        },
        "http_req_connecting": {
            "avg": 0.0011639080867151049,
            "min": 0,
            "med": 0,
            "max": 0.961,
            "p(90)": 0,
            "p(95)": 0
        },
        "http_req_sending": {
            "p(90)": 0.039,
            "p(95)": 0.117,
            "avg": 0.03187715754031602,
            "min": 0.001,
            "med": 0.009,
            "max": 6.479
        },
        "http_req_blocked": {
            "p(95)": 0.01,
            "avg": 0.006580955756391994,
            "min": 0,
            "med": 0.004,
            "max": 5.107,
            "p(90)": 0.008
        },
        "http_req_receiving": {
            "avg": 0.028178640203201027,
            "min": 0.003,
            "med": 0.019,
            "max": 11.665,
            "p(90)": 0.04,
            "p(95)": 0.064
        },
        "checks": {
            "passes": 84645,
            "fails": 0,
            "value": 1
        },
        "iteration_duration": {
            "max": 989.573667,
            "p(90)": 108.4641,
            "p(95)": 111.774192,
            "avg": 118.40626978198443,
            "min": 100.099458,
            "med": 102.719208
        },
        "data_sent": {
            "count": 7533405,
            "rate": 94120.13066015381
        },
        "iterations": {
            "count": 84645,
            "rate": 1057.5295579792562
        },
        "data_received": {
            "rate": 864001.6488690524,
            "count": 69154965
        }
    }
}