{
    "root_group": {
        "groups": {},
        "checks": {
                "status 200": {
                    "name": "status 200",
                    "path": "::status 200",
                    "id": "fad9fa412b86fcb03bee97c80dcd61f1",
                    "passes": 64439,
                    "fails": 0
                }
            },
        "name": "",
        "path": "",
        "id": "d41d8cd98f00b204e9800998ecf8427e"
    },
    "metrics": {
        "http_reqs": {
            "rate": 2143.963743426773,
            "count": 64439
        },
        "http_req_failed": {
            "passes": 0,
            "fails": 64439,
            "value": 0
        },
        "data_received": {
            "count": 80097677,
            "rate": 2664946.9330794783
        },
        "checks": {
            "passes": 64439,
            "fails": 0,
            "value": 1
        },
        "http_req_duration": {
            "avg": 18.539706606247652,
            "min": 0.103,
            "med": 0.729,
            "max": 962.925,
            "p(90)": 5.707200000000001,
            "p(95)": 11.467299999999993
        },
        "http_req_connecting": {
            "p(95)": 0,
            "avg": 0.002463601235276775,
            "min": 0,
            "med": 0,
            "max": 6.007,
            "p(90)": 0
        },
        "http_req_tls_handshaking": {
            "avg": 0,
            "min": 0,
            "med": 0,
            "max": 0,
            "p(90)": 0,
            "p(95)": 0
        },
        "http_req_receiving": {
            "p(90)": 0.029,
            "p(95)": 0.04,
            "avg": 0.015097347879383822,
            "min": 0.003,
            "med": 0.007,
            "max": 11.811
        },
        "http_req_blocked": {
            "med": 0.002,
            "max": 6.11,
            "p(90)": 0.004,
            "p(95)": 0.006,
            "avg": 0.005346234423248889,
            "min": 0
        },
        "iterations": {
            "count": 64439,
            "rate": 2143.963743426773
        },
        "data_sent": {
            "count": 6572778,
            "rate": 218684.30182953083
        },
        "iteration_duration": {
            "min": 100.142,
            "med": 100.956791,
            "max": 1064.062708,
            "p(90)": 106.13393359999999,
            "p(95)": 113.21180389999998,
            "avg": 119.09174993432711
        },
        "http_req_duration{expected_response:true}": {
            "min": 0.103,
            "med": 0.729,
            "max": 962.925,
            "p(90)": 5.707200000000001,
            "p(95)": 11.467299999999993,
            "avg": 18.539706606247652
        },
        "http_req_sending": {
            "max": 257.648,
            "p(90)": 0.013,
            "p(95)": 0.026,
            "avg": 0.020465339313146626,
            "min": 0.001,
            "med": 0.003
        },
        "vus": {
            "value": 1,
            "min": 1,
            "max": 500
        },
        "http_req_waiting": {
            "med": 0.708,
            "max": 962.9,
            "p(90)": 5.6762000000000015,
            "p(95)": 11.386099999999969,
            "avg": 18.504143919055124,
            "min": 0.094
        },
        "vus_max": {
            "value": 500,
            "min": 500,
            "max": 500
        }
    }
}