{
    "root_group": {
        "id": "d41d8cd98f00b204e9800998ecf8427e",
        "groups": {},
        "checks": {
                "status 200": {
                    "passes": 84027,
                    "fails": 0,
                    "name": "status 200",
                    "path": "::status 200",
                    "id": "fad9fa412b86fcb03bee97c80dcd61f1"
                }
            },
        "name": "",
        "path": ""
    },
    "metrics": {
        "http_req_failed": {
            "passes": 0,
            "fails": 84027,
            "value": 0
        },
        "vus": {
            "value": 20,
            "min": 10,
            "max": 200
        },
        "http_req_blocked": {
            "avg": 0.005505420876621621,
            "min": 0,
            "med": 0.003,
            "max": 11.418,
            "p(90)": 0.006,
            "p(95)": 0.008
        },
        "http_req_duration": {
            "med": 1.518,
            "max": 1267.666,
            "p(90)": 7.833400000000002,
            "p(95)": 11.389399999999993,
            "avg": 18.999532459804886,
            "min": 0.118
        },
        "checks": {
            "passes": 84027,
            "fails": 0,
            "value": 1
        },
        "http_reqs": {
            "rate": 1045.273528665271,
            "count": 84027
        },
        "http_req_receiving": {
            "p(90)": 0.042,
            "p(95)": 0.06,
            "avg": 0.022250121984604417,
            "min": 0.004,
            "med": 0.013,
            "max": 4.989
        },
        "iterations": {
            "count": 84027,
            "rate": 1045.273528665271
        },
        "http_req_tls_handshaking": {
            "min": 0,
            "med": 0,
            "max": 0,
            "p(90)": 0,
            "p(95)": 0,
            "avg": 0
        },
        "iteration_duration": {
            "avg": 119.41653181573754,
            "min": 100.158084,
            "med": 101.983667,
            "max": 1367.878459,
            "p(90)": 108.51921639999999,
            "p(95)": 112.336441
        },
        "vus_max": {
            "value": 200,
            "min": 200,
            "max": 200
        },
        "http_req_sending": {
            "avg": 0.01708328275435498,
            "min": 0.002,
            "med": 0.007,
            "max": 16.324,
            "p(90)": 0.023,
            "p(95)": 0.048
        },
        "data_sent": {
            "count": 8570754,
            "rate": 106617.89992385764
        },
        "http_req_connecting": {
            "med": 0,
            "max": 4.146,
            "p(90)": 0,
            "p(95)": 0,
            "avg": 0.001083889702119556,
            "min": 0
        },
        "http_req_waiting": {
            "avg": 18.96019905506558,
            "min": 0.105,
            "med": 1.477,
            "max": 1267.63,
            "p(90)": 7.767400000000002,
            "p(95)": 11.328399999999993
        },
        "data_received": {
            "count": 104445561,
            "rate": 1299274.996130932
        },
        "http_req_duration{expected_response:true}": {
            "avg": 18.999532459804886,
            "min": 0.118,
            "med": 1.518,
            "max": 1267.666,
            "p(90)": 7.833400000000002,
            "p(95)": 11.389399999999993
        }
    }
}